<DATE>	<TIME>	<OPEN>	<HIGH>	<LOW>	<CLOSE>	<TICKVOL>
2024.01.01	00:00:00	1.10000	1.10012	1.09836	1.09911	992
2024.01.01	01:00:00	1.09911	1.09929	1.09907	1.09916	4729
2024.01.01	02:00:00	1.09916	1.09935	1.09860	1.09892	3541
2024.01.01	03:00:00	1.09892	1.09925	1.09880	1.09887	2026
2024.01.01	04:00:00	1.09887	1.09934	1.09760	1.09828	2176
2024.01.01	05:00:00	1.09828	1.09897	1.09812	1.09883	3620
2024.01.01	06:00:00	1.09883	1.09941	1.09815	1.09931	899
2024.01.01	07:00:00	1.09931	1.09959	1.09925	1.09932	3723
2024.01.01	08:00:00	1.09932	1.10072	1.09883	1.10003	2984
2024.01.01	09:00:00	1.10003	1.10037	1.09969	1.10030	1495
2024.01.01	10:00:00	1.10030	1.10035	1.09924	1.09970	4537
2024.01.01	11:00:00	1.09970	1.10052	1.09947	1.09991	3330
2024.01.01	12:00:00	1.09991	1.10030	1.09879	1.09925	1236
2024.01.01	13:00:00	1.09925	1.09992	1.09862	1.09979	3449
2024.01.01	14:00:00	1.09979	1.09980	1.09942	1.09973	2350
2024.01.01	15:00:00	1.09973	1.09981	1.09897	1.09957	3938
2024.01.01	16:00:00	1.09957	1.09972	1.09850	1.09909	2714
2024.01.01	17:00:00	1.09909	1.10041	1.09879	1.09986	4999
2024.01.01	18:00:00	1.09986	1.10048	1.09953	1.09973	4672
2024.01.01	19:00:00	1.09973	1.10008	1.09904	1.09941	681
2024.01.01	20:00:00	1.09941	1.09980	1.09890	1.09915	2349
2024.01.01	21:00:00	1.09915	1.09972	1.09877	1.09947	1410
2024.01.01	22:00:00	1.09947	1.09993	1.09910	1.09967	2526
2024.01.01	23:00:00	1.09967	1.09998	1.09959	1.09991	1152
2024.01.02	00:00:00	1.09991	1.10024	1.09986	1.10016	2910
2024.01.02	01:00:00	1.10016	1.10204	1.09995	1.10155	1194
2024.01.02	02:00:00	1.10155	1.10173	1.10112	1.10124	3304
2024.01.02	03:00:00	1.10124	1.10148	1.10066	1.10087	2544
2024.01.02	04:00:00	1.10087	1.10111	1.10022	1.10030	4968
2024.01.02	05:00:00	1.10030	1.10097	1.09997	1.10068	4453
2024.01.02	06:00:00	1.10068	1.10145	1.10003	1.10139	3200
2024.01.02	07:00:00	1.10139	1.10227	1.10123	1.10128	2519
2024.01.02	08:00:00	1.10128	1.10129	1.10014	1.10069	3721
2024.01.02	09:00:00	1.10069	1.10097	1.10001	1.10012	3508
2024.01.02	10:00:00	1.10012	1.10058	1.09946	1.10051	1127
2024.01.02	11:00:00	1.10051	1.10101	1.10032	1.10097	2194
2024.01.02	12:00:00	1.10097	1.10136	1.10092	1.10130	4964
2024.01.02	13:00:00	1.10130	1.10131	1.10052	1.10082	1938
2024.01.02	14:00:00	1.10082	1.10152	1.10000	1.10094	559
2024.01.02	15:00:00	1.10094	1.10137	1.10073	1.10099	4254
2024.01.02	16:00:00	1.10099	1.10116	1.10084	1.10110	4697
2024.01.02	17:00:00	1.10110	1.10171	1.09994	1.10164	3449
2024.01.02	18:00:00	1.10164	1.10198	1.10125	1.10176	3357
2024.01.02	19:00:00	1.10176	1.10224	1.10132	1.10217	2079
2024.01.02	20:00:00	1.10217	1.10221	1.10177	1.10218	2117
2024.01.02	21:00:00	1.10218	1.10270	1.10203	1.10234	4613
2024.01.02	22:00:00	1.10234	1.10277	1.10199	1.10273	4361
2024.01.02	23:00:00	1.10273	1.10289	1.10164	1.10173	2743
2024.01.03	00:00:00	1.10173	1.10195	1.10126	1.10149	1908
2024.01.03	01:00:00	1.10149	1.10171	1.10102	1.10114	1347
2024.01.03	02:00:00	1.10114	1.10129	1.10064	1.10069	549
2024.01.03	03:00:00	1.10069	1.10103	1.10022	1.10047	2674
2024.01.03	04:00:00	1.10047	1.10171	1.09997	1.10143	2992
2024.01.03	05:00:00	1.10143	1.10166	1.10021	1.10082	3536
2024.01.03	06:00:00	1.10082	1.10147	1.10027	1.10143	4122
2024.01.03	07:00:00	1.10143	1.10153	1.10012	1.10028	2152
2024.01.03	08:00:00	1.10028	1.10071	1.09965	1.10003	1250
2024.01.03	09:00:00	1.10003	1.10036	1.09952	1.10010	4297
2024.01.03	10:00:00	1.10010	1.10071	1.09989	1.10046	3931
2024.01.03	11:00:00	1.10046	1.10097	1.10033	1.10089	2899
2024.01.03	12:00:00	1.10089	1.10155	1.10064	1.10139	676
2024.01.03	13:00:00	1.10139	1.10172	1.10095	1.10112	2604
2024.01.03	14:00:00	1.10112	1.10115	1.10035	1.10078	3286
2024.01.03	15:00:00	1.10078	1.10136	1.10053	1.10132	4364
2024.01.03	16:00:00	1.10132	1.10220	1.10061	1.10116	2786
2024.01.03	17:00:00	1.10116	1.10125	1.09963	1.10028	2583
2024.01.03	18:00:00	1.10028	1.10035	1.09922	1.09950	2209
2024.01.03	19:00:00	1.09950	1.09957	1.09831	1.09886	2364
2024.01.03	20:00:00	1.09886	1.09972	1.09878	1.09916	573
2024.01.03	21:00:00	1.09916	1.09970	1.09830	1.09922	966
2024.01.03	22:00:00	1.09922	1.09997	1.09887	1.09964	3903
2024.01.03	23:00:00	1.09964	1.10069	1.09930	1.09933	2131
2024.01.04	00:00:00	1.09933	1.09959	1.09876	1.09940	4328
2024.01.04	01:00:00	1.09940	1.09994	1.09915	1.09978	2286
2024.01.04	02:00:00	1.09978	1.09998	1.09855	1.09954	4985
2024.01.04	03:00:00	1.09954	1.10025	1.09925	1.09981	1312
2024.01.04	04:00:00	1.09981	1.10015	1.09894	1.09934	1346
2024.01.04	05:00:00	1.09934	1.09937	1.09858	1.09907	3145
2024.01.04	06:00:00	1.09907	1.09921	1.09830	1.09878	4112
2024.01.04	07:00:00	1.09878	1.09919	1.09788	1.09796	1147
2024.01.04	08:00:00	1.09796	1.09826	1.09793	1.09825	2762
2024.01.04	09:00:00	1.09825	1.09858	1.09749	1.09791	1506
2024.01.04	10:00:00	1.09791	1.09859	1.09764	1.09788	3817
2024.01.04	11:00:00	1.09788	1.09834	1.09770	1.09817	3024
2024.01.04	12:00:00	1.09817	1.09873	1.09800	1.09843	3444
2024.01.04	13:00:00	1.09843	1.09974	1.09794	1.09883	1710
2024.01.04	14:00:00	1.09883	1.09886	1.09712	1.09873	1799
2024.01.04	15:00:00	1.09873	1.09904	1.09815	1.09842	3378
2024.01.04	16:00:00	1.09842	1.09890	1.09830	1.09834	2088
2024.01.04	17:00:00	1.09834	1.09856	1.09667	1.09719	3607
2024.01.04	18:00:00	1.09719	1.09790	1.09595	1.09621	1192
2024.01.04	19:00:00	1.09621	1.09643	1.09522	1.09531	1855
2024.01.04	20:00:00	1.09531	1.09563	1.09440	1.09462	957
2024.01.04	21:00:00	1.09462	1.09502	1.09461	1.09485	893
2024.01.04	22:00:00	1.09485	1.09493	1.09351	1.09422	1680
2024.01.04	23:00:00	1.09422	1.09445	1.09344	1.09394	2702
2024.01.05	00:00:00	1.09394	1.09483	1.09387	1.09476	1149
2024.01.05	01:00:00	1.09476	1.09507	1.09401	1.09449	918
2024.01.05	02:00:00	1.09449	1.09568	1.09396	1.09494	4447
2024.01.05	03:00:00	1.09494	1.09508	1.09428	1.09430	2818
2024.01.05	04:00:00	1.09430	1.09461	1.09344	1.09413	3720
2024.01.05	05:00:00	1.09413	1.09510	1.09319	1.09347	3767
2024.01.05	06:00:00	1.09347	1.09398	1.09281	1.09322	957
2024.01.05	07:00:00	1.09322	1.09432	1.09225	1.09374	3291
2024.01.05	08:00:00	1.09374	1.09375	1.09224	1.09257	4373
2024.01.05	09:00:00	1.09257	1.09305	1.09253	1.09282	2517
2024.01.05	10:00:00	1.09282	1.09317	1.09253	1.09295	4379
2024.01.05	11:00:00	1.09295	1.09320	1.09232	1.09252	4756
2024.01.05	12:00:00	1.09252	1.09274	1.09121	1.09154	2958
2024.01.05	13:00:00	1.09154	1.09188	1.09125	1.09156	957
2024.01.05	14:00:00	1.09156	1.09180	1.09099	1.09118	3278
2024.01.05	15:00:00	1.09118	1.09175	1.09096	1.09130	4460
2024.01.05	16:00:00	1.09130	1.09169	1.09084	1.09128	3106
2024.01.05	17:00:00	1.09128	1.09258	1.09074	1.09230	4100
2024.01.05	18:00:00	1.09230	1.09259	1.09180	1.09211	2909
2024.01.05	19:00:00	1.09211	1.09236	1.09130	1.09140	2388
2024.01.05	20:00:00	1.09140	1.09178	1.09103	1.09149	4755
2024.01.05	21:00:00	1.09149	1.09200	1.09127	1.09160	1187
2024.01.05	22:00:00	1.09160	1.09260	1.09128	1.09246	2514
2024.01.05	23:00:00	1.09246	1.09327	1.09191	1.09297	1201
2024.01.06	00:00:00	1.09297	1.09321	1.09236	1.09317	3446
2024.01.06	01:00:00	1.09317	1.09450	1.09267	1.09410	4648
2024.01.06	02:00:00	1.09410	1.09422	1.09276	1.09329	4990
2024.01.06	03:00:00	1.09329	1.09337	1.09249	1.09284	1551
2024.01.06	04:00:00	1.09284	1.09323	1.09192	1.09220	3774
2024.01.06	05:00:00	1.09220	1.09260	1.09158	1.09191	4433
2024.01.06	06:00:00	1.09191	1.09221	1.09089	1.09097	4251
2024.01.06	07:00:00	1.09097	1.09150	1.09045	1.09136	2764
2024.01.06	08:00:00	1.09136	1.09138	1.09079	1.09118	1285
2024.01.06	09:00:00	1.09118	1.09160	1.08992	1.09018	2577
2024.01.06	10:00:00	1.09018	1.09043	1.08923	1.08949	3992
2024.01.06	11:00:00	1.08949	1.09021	1.08907	1.08966	3287
2024.01.06	12:00:00	1.08966	1.09025	1.08939	1.09017	2247
2024.01.06	13:00:00	1.09017	1.09185	1.08999	1.09145	1467
2024.01.06	14:00:00	1.09145	1.09345	1.09084	1.09332	3433
2024.01.06	15:00:00	1.09332	1.09362	1.09310	1.09356	2427
2024.01.06	16:00:00	1.09356	1.09495	1.09246	1.09288	2624
2024.01.06	17:00:00	1.09288	1.09300	1.09126	1.09145	4723
2024.01.06	18:00:00	1.09145	1.09175	1.09106	1.09159	541
2024.01.06	19:00:00	1.09159	1.09216	1.09051	1.09103	1572
2024.01.06	20:00:00	1.09103	1.09177	1.09068	1.09072	4639
2024.01.06	21:00:00	1.09072	1.09076	1.09028	1.09029	4647
2024.01.06	22:00:00	1.09029	1.09109	1.09007	1.09017	1861
2024.01.06	23:00:00	1.09017	1.09088	1.08999	1.09083	4973
2024.01.07	00:00:00	1.09083	1.09159	1.09058	1.09090	1452
2024.01.07	01:00:00	1.09090	1.09106	1.09061	1.09076	733
2024.01.07	02:00:00	1.09076	1.09135	1.08998	1.09005	1882
2024.01.07	03:00:00	1.09005	1.09020	1.08863	1.08893	2891
2024.01.07	04:00:00	1.08893	1.08926	1.08814	1.08858	527
2024.01.07	05:00:00	1.08858	1.08885	1.08837	1.08851	1273
2024.01.07	06:00:00	1.08851	1.08986	1.08810	1.08963	4059
2024.01.07	07:00:00	1.08963	1.08983	1.08955	1.08968	3297
2024.01.07	08:00:00	1.08968	1.09083	1.08899	1.09029	3223
2024.01.07	09:00:00	1.09029	1.09072	1.08992	1.08993	4952
2024.01.07	10:00:00	1.08993	1.09012	1.08905	1.08913	1527
2024.01.07	11:00:00	1.08913	1.08966	1.08823	1.08846	4535
2024.01.07	12:00:00	1.08846	1.08900	1.08732	1.08796	2098
2024.01.07	13:00:00	1.08796	1.08953	1.08750	1.08932	4661
2024.01.07	14:00:00	1.08932	1.08985	1.08846	1.08875	4024
2024.01.07	15:00:00	1.08875	1.08935	1.08787	1.08926	1460
2024.01.07	16:00:00	1.08926	1.08938	1.08821	1.08864	1442
2024.01.07	17:00:00	1.08864	1.08967	1.08863	1.08921	2940
2024.01.07	18:00:00	1.08921	1.08984	1.08876	1.08943	2762
2024.01.07	19:00:00	1.08943	1.08947	1.08875	1.08930	1556
2024.01.07	20:00:00	1.08930	1.08950	1.08907	1.08924	1671
2024.01.07	21:00:00	1.08924	1.08966	1.08850	1.08878	4547
2024.01.07	22:00:00	1.08878	1.08928	1.08849	1.08904	3891
2024.01.07	23:00:00	1.08904	1.08907	1.08858	1.08871	1360
2024.01.08	00:00:00	1.08871	1.08901	1.08783	1.08787	3763
2024.01.08	01:00:00	1.08787	1.08830	1.08681	1.08701	1192
2024.01.08	02:00:00	1.08701	1.08729	1.08651	1.08709	2502
2024.01.08	03:00:00	1.08709	1.08825	1.08682	1.08809	554
2024.01.08	04:00:00	1.08809	1.08829	1.08802	1.08816	3421
2024.01.08	05:00:00	1.08816	1.08900	1.08797	1.08805	1318
2024.01.08	06:00:00	1.08805	1.08852	1.08731	1.08820	1562
2024.01.08	07:00:00	1.08820	1.08950	1.08811	1.08902	1353
2024.01.08	08:00:00	1.08902	1.08916	1.08838	1.08913	1325
2024.01.08	09:00:00	1.08913	1.08970	1.08866	1.08883	848
2024.01.08	10:00:00	1.08883	1.09046	1.08861	1.08952	2995
2024.01.08	11:00:00	1.08952	1.08978	1.08947	1.08977	4404
2024.01.08	12:00:00	1.08977	1.09090	1.08928	1.09074	1856
2024.01.08	13:00:00	1.09074	1.09099	1.09004	1.09083	4009
2024.01.08	14:00:00	1.09083	1.09098	1.08957	1.09000	2946
2024.01.08	15:00:00	1.09000	1.09029	1.08880	1.08907	1645
2024.01.08	16:00:00	1.08907	1.09096	1.08899	1.09011	777
2024.01.08	17:00:00	1.09011	1.09161	1.08987	1.09121	4024
2024.01.08	18:00:00	1.09121	1.09154	1.09038	1.09106	603
2024.01.08	19:00:00	1.09106	1.09129	1.09055	1.09078	2399
2024.01.08	20:00:00	1.09078	1.09210	1.09055	1.09170	654
2024.01.08	21:00:00	1.09170	1.09221	1.09050	1.09094	3989
2024.01.08	22:00:00	1.09094	1.09128	1.09007	1.09032	4954
2024.01.08	23:00:00	1.09032	1.09083	1.09026	1.09071	1953
2024.01.09	00:00:00	1.09071	1.09137	1.08990	1.09042	1911
2024.01.09	01:00:00	1.09042	1.09124	1.08997	1.09039	3040
2024.01.09	02:00:00	1.09039	1.09051	1.09023	1.09025	2758
2024.01.09	03:00:00	1.09025	1.09076	1.09010	1.09043	2217
2024.01.09	04:00:00	1.09043	1.09212	1.08975	1.09132	2146
2024.01.09	05:00:00	1.09132	1.09157	1.09112	1.09135	1344
2024.01.09	06:00:00	1.09135	1.09259	1.09102	1.09174	1628
2024.01.09	07:00:00	1.09174	1.09229	1.08985	1.09036	3135
2024.01.09	08:00:00	1.09036	1.09047	1.09016	1.09030	3804
2024.01.09	09:00:00	1.09030	1.09030	1.08927	1.08971	3878
2024.01.09	10:00:00	1.08971	1.09007	1.08885	1.08889	2824
2024.01.09	11:00:00	1.08889	1.08933	1.08791	1.08828	3888
2024.01.09	12:00:00	1.08828	1.08842	1.08752	1.08803	3164
2024.01.09	13:00:00	1.08803	1.08861	1.08803	1.08859	2103
2024.01.09	14:00:00	1.08859	1.08871	1.08763	1.08770	2090
2024.01.09	15:00:00	1.08770	1.08792	1.08745	1.08768	2834
2024.01.09	16:00:00	1.08768	1.08774	1.08693	1.08733	1884
2024.01.09	17:00:00	1.08733	1.08738	1.08657	1.08709	3937
2024.01.09	18:00:00	1.08709	1.08826	1.08692	1.08771	1333
2024.01.09	19:00:00	1.08771	1.08851	1.08727	1.08803	745
2024.01.09	20:00:00	1.08803	1.08906	1.08759	1.08887	2710
2024.01.09	21:00:00	1.08887	1.08956	1.08840	1.08873	823
2024.01.09	22:00:00	1.08873	1.08889	1.08804	1.08825	1362
2024.01.09	23:00:00	1.08825	1.08890	1.08757	1.08807	2193
2024.01.10	00:00:00	1.08807	1.08841	1.08782	1.08819	518
2024.01.10	01:00:00	1.08819	1.08959	1.08783	1.08828	1505
2024.01.10	02:00:00	1.08828	1.08875	1.08683	1.08754	2951
2024.01.10	03:00:00	1.08754	1.08784	1.08717	1.08756	2185
2024.01.10	04:00:00	1.08756	1.08785	1.08739	1.08768	4533
2024.01.10	05:00:00	1.08768	1.08945	1.08745	1.08929	921
2024.01.10	06:00:00	1.08929	1.09127	1.08875	1.09049	3738
2024.01.10	07:00:00	1.09049	1.09075	1.08963	1.08989	3164
2024.01.10	08:00:00	1.08989	1.09026	1.08963	1.08967	3399
2024.01.10	09:00:00	1.08967	1.09014	1.08850	1.08869	3522
2024.01.10	10:00:00	1.08869	1.08897	1.08823	1.08827	735
2024.01.10	11:00:00	1.08827	1.08882	1.08817	1.08844	4063
2024.01.10	12:00:00	1.08844	1.08976	1.08841	1.08920	1991
2024.01.10	13:00:00	1.08920	1.08969	1.08862	1.08869	3427
2024.01.10	14:00:00	1.08869	1.08893	1.08811	1.08823	1822
2024.01.10	15:00:00	1.08823	1.08831	1.08662	1.08679	2283
2024.01.10	16:00:00	1.08679	1.08688	1.08656	1.08665	3650
2024.01.10	17:00:00	1.08665	1.08669	1.08576	1.08593	4707
2024.01.10	18:00:00	1.08593	1.08619	1.08547	1.08555	4450
2024.01.10	19:00:00	1.08555	1.08556	1.08448	1.08495	3768
2024.01.10	20:00:00	1.08495	1.08529	1.08445	1.08485	2923
2024.01.10	21:00:00	1.08485	1.08527	1.08352	1.08368	2874
2024.01.10	22:00:00	1.08368	1.08398	1.08210	1.08269	4845
2024.01.10	23:00:00	1.08269	1.08413	1.08263	1.08404	1430
2024.01.11	00:00:00	1.08404	1.08405	1.08301	1.08317	4793
2024.01.11	01:00:00	1.08317	1.08326	1.08234	1.08243	3420
2024.01.11	02:00:00	1.08243	1.08379	1.08197	1.08359	3272
2024.01.11	03:00:00	1.08359	1.08570	1.08307	1.08545	3162
2024.01.11	04:00:00	1.08545	1.08603	1.08458	1.08465	4156
2024.01.11	05:00:00	1.08465	1.08476	1.08411	1.08438	3574
2024.01.11	06:00:00	1.08438	1.08474	1.08431	1.08457	926
2024.01.11	07:00:00	1.08457	1.08586	1.08436	1.08566	4015
2024.01.11	08:00:00	1.08566	1.08640	1.08446	1.08499	3779
2024.01.11	09:00:00	1.08499	1.08530	1.08471	1.08480	4617
2024.01.11	10:00:00	1.08480	1.08566	1.08473	1.08527	4714
2024.01.11	11:00:00	1.08527	1.08621	1.08504	1.08552	4770
2024.01.11	12:00:00	1.08552	1.08597	1.08495	1.08524	692
2024.01.11	13:00:00	1.08524	1.08585	1.08505	1.08512	3335
2024.01.11	14:00:00	1.08512	1.08527	1.08409	1.08420	4704
2024.01.11	15:00:00	1.08420	1.08431	1.08339	1.08401	4846
2024.01.11	16:00:00	1.08401	1.08446	1.08370	1.08380	2971
2024.01.11	17:00:00	1.08380	1.08411	1.08378	1.08392	4601
2024.01.11	18:00:00	1.08392	1.08427	1.08347	1.08353	4461
2024.01.11	19:00:00	1.08353	1.08407	1.08351	1.08380	511
2024.01.11	20:00:00	1.08380	1.08462	1.08370	1.08443	4482
2024.01.11	21:00:00	1.08443	1.08482	1.08389	1.08450	3369
2024.01.11	22:00:00	1.08450	1.08483	1.08402	1.08469	3081
2024.01.11	23:00:00	1.08469	1.08516	1.08456	1.08469	1303
2024.01.12	00:00:00	1.08469	1.08477	1.08440	1.08466	4634
2024.01.12	01:00:00	1.08466	1.08517	1.08397	1.08416	1828
2024.01.12	02:00:00	1.08416	1.08477	1.08398	1.08433	2380
2024.01.12	03:00:00	1.08433	1.08449	1.08314	1.08424	1838
2024.01.12	04:00:00	1.08424	1.08630	1.08399	1.08557	4863
2024.01.12	05:00:00	1.08557	1.08672	1.08511	1.08656	2674
2024.01.12	06:00:00	1.08656	1.08693	1.08644	1.08678	1013
2024.01.12	07:00:00	1.08678	1.08709	1.08585	1.08625	548
2024.01.12	08:00:00	1.08625	1.08634	1.08537	1.08549	4910
2024.01.12	09:00:00	1.08549	1.08639	1.08521	1.08624	1561
2024.01.12	10:00:00	1.08624	1.08676	1.08607	1.08637	3968
2024.01.12	11:00:00	1.08637	1.08722	1.08621	1.08665	631
2024.01.12	12:00:00	1.08665	1.08767	1.08540	1.08548	4535
2024.01.12	13:00:00	1.08548	1.08638	1.08534	1.08606	3427
2024.01.12	14:00:00	1.08606	1.08651	1.08598	1.08632	1511
2024.01.12	15:00:00	1.08632	1.08648	1.08527	1.08556	4501
2024.01.12	16:00:00	1.08556	1.08624	1.08489	1.08522	1840
2024.01.12	17:00:00	1.08522	1.08565	1.08482	1.08536	4990
2024.01.12	18:00:00	1.08536	1.08564	1.08506	1.08536	3197
2024.01.12	19:00:00	1.08536	1.08542	1.08488	1.08514	2518
2024.01.12	20:00:00	1.08514	1.08531	1.08485	1.08504	763
2024.01.12	21:00:00	1.08504	1.08522	1.08477	1.08485	1670
2024.01.12	22:00:00	1.08485	1.08554	1.08422	1.08491	762
2024.01.12	23:00:00	1.08491	1.08618	1.08475	1.08584	4338
2024.01.13	00:00:00	1.08584	1.08635	1.08406	1.08413	950
2024.01.13	01:00:00	1.08413	1.08416	1.08371	1.08395	1009
2024.01.13	02:00:00	1.08395	1.08421	1.08360	1.08403	1060
2024.01.13	03:00:00	1.08403	1.08429	1.08400	1.08419	4884
2024.01.13	04:00:00	1.08419	1.08445	1.08381	1.08392	4867
2024.01.13	05:00:00	1.08392	1.08459	1.08254	1.08274	3716
2024.01.13	06:00:00	1.08274	1.08300	1.08257	1.08292	831
2024.01.13	07:00:00	1.08292	1.08419	1.08248	1.08401	2767
2024.01.13	08:00:00	1.08401	1.08445	1.08274	1.08298	4767
2024.01.13	09:00:00	1.08298	1.08380	1.08276	1.08351	934
2024.01.13	10:00:00	1.08351	1.08375	1.08314	1.08327	4071
2024.01.13	11:00:00	1.08327	1.08327	1.08263	1.08319	581
2024.01.13	12:00:00	1.08319	1.08319	1.08227	1.08248	4117
2024.01.13	13:00:00	1.08248	1.08258	1.08166	1.08223	2950
2024.01.13	14:00:00	1.08223	1.08388	1.08198	1.08304	4495
2024.01.13	15:00:00	1.08304	1.08352	1.08284	1.08339	2362
2024.01.13	16:00:00	1.08339	1.08543	1.08338	1.08448	4033
2024.01.13	17:00:00	1.08448	1.08534	1.08396	1.08521	4291
2024.01.13	18:00:00	1.08521	1.08548	1.08516	1.08547	1962
2024.01.13	19:00:00	1.08547	1.08659	1.08510	1.08657	3390
2024.01.13	20:00:00	1.08657	1.08692	1.08625	1.08682	2574
2024.01.13	21:00:00	1.08682	1.08734	1.08658	1.08733	2443
2024.01.13	22:00:00	1.08733	1.08735	1.08692	1.08711	4098
2024.01.13	23:00:00	1.08711	1.08736	1.08691	1.08712	1517
2024.01.14	00:00:00	1.08712	1.08733	1.08566	1.08663	1038
2024.01.14	01:00:00	1.08663	1.08762	1.08582	1.08724	2661
2024.01.14	02:00:00	1.08724	1.08845	1.08623	1.08644	4197
2024.01.14	03:00:00	1.08644	1.08720	1.08616	1.08692	1233
2024.01.14	04:00:00	1.08692	1.08696	1.08670	1.08676	2030
2024.01.14	05:00:00	1.08676	1.08809	1.08602	1.08749	3501
2024.01.14	06:00:00	1.08749	1.08800	1.08722	1.08795	2645
2024.01.14	07:00:00	1.08795	1.08948	1.08772	1.08911	3225
2024.01.14	08:00:00	1.08911	1.08973	1.08889	1.08955	2876
2024.01.14	09:00:00	1.08955	1.08997	1.08840	1.08849	4145
2024.01.14	10:00:00	1.08849	1.08868	1.08832	1.08842	4438
2024.01.14	11:00:00	1.08842	1.08864	1.08731	1.08762	2522
2024.01.14	12:00:00	1.08762	1.08833	1.08690	1.08725	2442
2024.01.14	13:00:00	1.08725	1.08894	1.08677	1.08820	1753
2024.01.14	14:00:00	1.08820	1.08906	1.08730	1.08858	2496
2024.01.14	15:00:00	1.08858	1.08920	1.08720	1.08809	4263
2024.01.14	16:00:00	1.08809	1.08850	1.08675	1.08740	2757
2024.01.14	17:00:00	1.08740	1.08763	1.08688	1.08739	3609
2024.01.14	18:00:00	1.08739	1.08773	1.08653	1.08656	2382
2024.01.14	19:00:00	1.08656	1.08662	1.08563	1.08609	3680
2024.01.14	20:00:00	1.08609	1.08645	1.08605	1.08626	3705
2024.01.14	21:00:00	1.08626	1.08700	1.08564	1.08698	2876
2024.01.14	22:00:00	1.08698	1.08745	1.08638	1.08735	4705
2024.01.14	23:00:00	1.08735	1.08816	1.08537	1.08582	4441
2024.01.15	00:00:00	1.08582	1.08644	1.08581	1.08599	1212
2024.01.15	01:00:00	1.08599	1.08604	1.08550	1.08600	1525
2024.01.15	02:00:00	1.08600	1.08643	1.08577	1.08624	4796
2024.01.15	03:00:00	1.08624	1.08749	1.08551	1.08726	2307
2024.01.15	04:00:00	1.08726	1.08740	1.08551	1.08588	1896
2024.01.15	05:00:00	1.08588	1.08624	1.08482	1.08547	4083
2024.01.15	06:00:00	1.08547	1.08672	1.08535	1.08582	3209
2024.01.15	07:00:00	1.08582	1.08598	1.08442	1.08476	1098
2024.01.15	08:00:00	1.08476	1.08589	1.08419	1.08568	913
2024.01.15	09:00:00	1.08568	1.08597	1.08559	1.08589	4136
2024.01.15	10:00:00	1.08589	1.08687	1.08576	1.08641	3941
2024.01.15	11:00:00	1.08641	1.08645	1.08567	1.08601	2086
2024.01.15	12:00:00	1.08601	1.08709	1.08550	1.08650	4381
2024.01.15	13:00:00	1.08650	1.08758	1.08620	1.08717	1064
2024.01.15	14:00:00	1.08717	1.08759	1.08621	1.08729	4410
2024.01.15	15:00:00	1.08729	1.08775	1.08641	1.08741	856
2024.01.15	16:00:00	1.08741	1.08770	1.08669	1.08755	3362
2024.01.15	17:00:00	1.08755	1.08773	1.08612	1.08696	4293
2024.01.15	18:00:00	1.08696	1.08774	1.08679	1.08683	3286
2024.01.15	19:00:00	1.08683	1.08697	1.08637	1.08669	4003
2024.01.15	20:00:00	1.08669	1.08705	1.08658	1.08691	2047
2024.01.15	21:00:00	1.08691	1.08768	1.08656	1.08753	1796
2024.01.15	22:00:00	1.08753	1.08777	1.08660	1.08681	1696
2024.01.15	23:00:00	1.08681	1.08768	1.08660	1.08669	1023
2024.01.16	00:00:00	1.08669	1.08802	1.08669	1.08763	1747
2024.01.16	01:00:00	1.08763	1.08781	1.08688	1.08711	1612
2024.01.16	02:00:00	1.08711	1.08718	1.08633	1.08654	3905
2024.01.16	03:00:00	1.08654	1.08670	1.08642	1.08664	1458
2024.01.16	04:00:00	1.08664	1.08745	1.08625	1.08716	1246
2024.01.16	05:00:00	1.08716	1.08778	1.08695	1.08713	3798
2024.01.16	06:00:00	1.08713	1.08820	1.08695	1.08797	2920
2024.01.16	07:00:00	1.08797	1.08895	1.08792	1.08850	1470
2024.01.16	08:00:00	1.08850	1.08972	1.08794	1.08901	3676
2024.01.16	09:00:00	1.08901	1.08969	1.08895	1.08934	1472
2024.01.16	10:00:00	1.08934	1.09171	1.08897	1.09083	4035
2024.01.16	11:00:00	1.09083	1.09144	1.08995	1.09066	645
2024.01.16	12:00:00	1.09066	1.09072	1.08913	1.08932	3155
2024.01.16	13:00:00	1.08932	1.09053	1.08931	1.09034	3185
2024.01.16	14:00:00	1.09034	1.09087	1.08924	1.09001	2177
2024.01.16	15:00:00	1.09001	1.09082	1.08922	1.09004	3600
2024.01.16	16:00:00	1.09004	1.09099	1.09001	1.09087	2208
2024.01.16	17:00:00	1.09087	1.09106	1.08920	1.08979	3440
2024.01.16	18:00:00	1.08979	1.09006	1.08862	1.08894	1505
2024.01.16	19:00:00	1.08894	1.08923	1.08777	1.08786	3058
2024.01.16	20:00:00	1.08786	1.08801	1.08717	1.08731	3903
2024.01.16	21:00:00	1.08731	1.08767	1.08723	1.08756	4847
2024.01.16	22:00:00	1.08756	1.08812	1.08694	1.08787	2121
2024.01.16	23:00:00	1.08787	1.08867	1.08769	1.08802	2627
2024.01.17	00:00:00	1.08802	1.08866	1.08653	1.08706	2643
2024.01.17	01:00:00	1.08706	1.08714	1.08538	1.08553	4370
2024.01.17	02:00:00	1.08553	1.08604	1.08523	1.08553	4831
2024.01.17	03:00:00	1.08553	1.08596	1.08510	1.08519	3407
2024.01.17	04:00:00	1.08519	1.08582	1.08473	1.08546	4199
2024.01.17	05:00:00	1.08546	1.08634	1.08526	1.08588	878
2024.01.17	06:00:00	1.08588	1.08604	1.08573	1.08594	3916
2024.01.17	07:00:00	1.08594	1.08643	1.08567	1.08640	4145
2024.01.17	08:00:00	1.08640	1.08670	1.08620	1.08652	3717
2024.01.17	09:00:00	1.08652	1.08724	1.08606	1.08683	3129
2024.01.17	10:00:00	1.08683	1.08734	1.08603	1.08634	4548
2024.01.17	11:00:00	1.08634	1.08636	1.08600	1.08619	3440
2024.01.17	12:00:00	1.08619	1.08647	1.08572	1.08628	4308
2024.01.17	13:00:00	1.08628	1.08706	1.08613	1.08679	1311
2024.01.17	14:00:00	1.08679	1.08741	1.08624	1.08650	3494
2024.01.17	15:00:00	1.08650	1.08684	1.08643	1.08680	2468
2024.01.17	16:00:00	1.08680	1.08731	1.08628	1.08658	4407
2024.01.17	17:00:00	1.08658	1.08679	1.08640	1.08645	4462
2024.01.17	18:00:00	1.08645	1.08703	1.08578	1.08693	4297
2024.01.17	19:00:00	1.08693	1.08695	1.08518	1.08558	1469
2024.01.17	20:00:00	1.08558	1.08626	1.08465	1.08468	2715
2024.01.17	21:00:00	1.08468	1.08525	1.08335	1.08366	500
2024.01.17	22:00:00	1.08366	1.08372	1.08182	1.08209	4908
2024.01.17	23:00:00	1.08209	1.08239	1.08129	1.08160	1658
2024.01.18	00:00:00	1.08160	1.08233	1.08123	1.08203	3309
2024.01.18	01:00:00	1.08203	1.08210	1.08153	1.08179	2693
2024.01.18	02:00:00	1.08179	1.08221	1.08167	1.08187	4570
2024.01.18	03:00:00	1.08187	1.08301	1.08149	1.08252	4195
2024.01.18	04:00:00	1.08252	1.08345	1.08245	1.08333	3996
2024.01.18	05:00:00	1.08333	1.08347	1.08282	1.08323	3394
2024.01.18	06:00:00	1.08323	1.08460	1.08306	1.08405	1037
2024.01.18	07:00:00	1.08405	1.08452	1.08394	1.08406	4635
2024.01.18	08:00:00	1.08406	1.08437	1.08331	1.08346	781
2024.01.18	09:00:00	1.08346	1.08403	1.08293	1.08302	2550
2024.01.18	10:00:00	1.08302	1.08330	1.08153	1.08200	2207
2024.01.18	11:00:00	1.08200	1.08241	1.08135	1.08137	2258
2024.01.18	12:00:00	1.08137	1.08166	1.08088	1.08109	4897
2024.01.18	13:00:00	1.08109	1.08162	1.08107	1.08155	1541
2024.01.18	14:00:00	1.08155	1.08317	1.08151	1.08262	3109
2024.01.18	15:00:00	1.08262	1.08269	1.08098	1.08167	1481
2024.01.18	16:00:00	1.08167	1.08246	1.08119	1.08187	4601
2024.01.18	17:00:00	1.08187	1.08189	1.08111	1.08114	3812
2024.01.18	18:00:00	1.08114	1.08205	1.08105	1.08139	2366
2024.01.18	19:00:00	1.08139	1.08160	1.08097	1.08125	861
2024.01.18	20:00:00	1.08125	1.08140	1.07994	1.08001	1187
2024.01.18	21:00:00	1.08001	1.08132	1.07989	1.08056	1592
2024.01.18	22:00:00	1.08056	1.08090	1.07977	1.08011	2328
2024.01.18	23:00:00	1.08011	1.08028	1.07941	1.07971	4486
2024.01.19	00:00:00	1.07971	1.08004	1.07852	1.07897	1038
2024.01.19	01:00:00	1.07897	1.07953	1.07810	1.07849	3096
2024.01.19	02:00:00	1.07849	1.07910	1.07845	1.07871	2062
2024.01.19	03:00:00	1.07871	1.07885	1.07814	1.07854	709
2024.01.19	04:00:00	1.07854	1.07956	1.07800	1.07869	3286
2024.01.19	05:00:00	1.07869	1.07889	1.07811	1.07887	3669
2024.01.19	06:00:00	1.07887	1.08008	1.07877	1.07968	4817
2024.01.19	07:00:00	1.07968	1.07972	1.07912	1.07940	2780
2024.01.19	08:00:00	1.07940	1.07983	1.07808	1.07839	1964
2024.01.19	09:00:00	1.07839	1.07920	1.07783	1.07903	4345
2024.01.19	10:00:00	1.07903	1.07903	1.07847	1.07876	1613
2024.01.19	11:00:00	1.07876	1.07999	1.07823	1.07943	3570
2024.01.19	12:00:00	1.07943	1.07962	1.07862	1.07962	4745
2024.01.19	13:00:00	1.07962	1.07993	1.07906	1.07948	520
2024.01.19	14:00:00	1.07948	1.07975	1.07928	1.07965	4663
2024.01.19	15:00:00	1.07965	1.08140	1.07924	1.08086	1425
2024.01.19	16:00:00	1.08086	1.08232	1.08066	1.08216	2667
2024.01.19	17:00:00	1.08216	1.08239	1.08204	1.08215	1660
2024.01.19	18:00:00	1.08215	1.08319	1.08202	1.08220	1150
2024.01.19	19:00:00	1.08220	1.08309	1.08190	1.08284	3660
2024.01.19	20:00:00	1.08284	1.08295	1.08201	1.08224	2669
2024.01.19	21:00:00	1.08224	1.08263	1.08179	1.08240	2791
2024.01.19	22:00:00	1.08240	1.08249	1.08218	1.08233	2676
2024.01.19	23:00:00	1.08233	1.08263	1.08212	1.08248	3863
2024.01.20	00:00:00	1.08248	1.08250	1.08183	1.08189	4847
2024.01.20	01:00:00	1.08189	1.08232	1.08026	1.08080	2807
2024.01.20	02:00:00	1.08080	1.08105	1.07930	1.07940	1200
2024.01.20	03:00:00	1.07940	1.07980	1.07834	1.07863	1973
2024.01.20	04:00:00	1.07863	1.07884	1.07803	1.07827	2732
2024.01.20	05:00:00	1.07827	1.07828	1.07772	1.07803	966
2024.01.20	06:00:00	1.07803	1.07936	1.07756	1.07923	1530
2024.01.20	07:00:00	1.07923	1.08086	1.07922	1.07989	1411
2024.01.20	08:00:00	1.07989	1.08022	1.07899	1.07922	4878
2024.01.20	09:00:00	1.07922	1.07951	1.07905	1.07939	2303
2024.01.20	10:00:00	1.07939	1.07969	1.07887	1.07907	4455
2024.01.20	11:00:00	1.07907	1.07978	1.07871	1.07883	2981
2024.01.20	12:00:00	1.07883	1.07925	1.07823	1.07890	2777
2024.01.20	13:00:00	1.07890	1.07952	1.07882	1.07924	4723
2024.01.20	14:00:00	1.07924	1.07945	1.07832	1.07897	3613
2024.01.20	15:00:00	1.07897	1.07971	1.07889	1.07961	1578
2024.01.20	16:00:00	1.07961	1.07981	1.07800	1.07881	1767
2024.01.20	17:00:00	1.07881	1.07912	1.07825	1.07876	3497
2024.01.20	18:00:00	1.07876	1.08055	1.07875	1.08039	510
2024.01.20	19:00:00	1.08039	1.08057	1.08030	1.08048	1186
2024.01.20	20:00:00	1.08048	1.08137	1.08044	1.08136	834
2024.01.20	21:00:00	1.08136	1.08154	1.08128	1.08136	3711
2024.01.20	22:00:00	1.08136	1.08178	1.08091	1.08169	2486
2024.01.20	23:00:00	1.08169	1.08171	1.08156	1.08159	551
2024.01.21	00:00:00	1.08159	1.08185	1.08092	1.08143	3837
2024.01.21	01:00:00	1.08143	1.08211	1.08082	1.08087	3451
2024.01.21	02:00:00	1.08087	1.08152	1.08073	1.08110	3733
2024.01.21	03:00:00	1.08110	1.08127	1.08022	1.08049	1234
2024.01.21	04:00:00	1.08049	1.08099	1.07976	1.08087	4437
2024.01.21	05:00:00	1.08087	1.08222	1.08076	1.08152	1311
2024.01.21	06:00:00	1.08152	1.08206	1.08070	1.08170	3068
2024.01.21	07:00:00	1.08170	1.08199	1.08128	1.08146	3015
2024.01.21	08:00:00	1.08146	1.08209	1.08119	1.08170	1484
2024.01.21	09:00:00	1.08170	1.08183	1.08128	1.08145	2189
2024.01.21	10:00:00	1.08145	1.08255	1.08135	1.08200	734
2024.01.21	11:00:00	1.08200	1.08219	1.08036	1.08076	2620
2024.01.21	12:00:00	1.08076	1.08162	1.07968	1.08049	3547
2024.01.21	13:00:00	1.08049	1.08058	1.07855	1.07914	1889
2024.01.21	14:00:00	1.07914	1.07934	1.07780	1.07812	2919
2024.01.21	15:00:00	1.07812	1.07954	1.07811	1.07895	4790
2024.01.21	16:00:00	1.07895	1.07991	1.07887	1.07948	1555
2024.01.21	17:00:00	1.07948	1.08000	1.07865	1.07896	1807
2024.01.21	18:00:00	1.07896	1.07927	1.07735	1.07793	1039
2024.01.21	19:00:00	1.07793	1.07821	1.07551	1.07596	2939
2024.01.21	20:00:00	1.07596	1.07660	1.07554	1.07556	1417
2024.01.21	21:00:00	1.07556	1.07736	1.07544	1.07706	4344
2024.01.21	22:00:00	1.07706	1.07769	1.07648	1.07729	1809
2024.01.21	23:00:00	1.07729	1.07766	1.07686	1.07688	3488
2024.01.22	00:00:00	1.07688	1.07737	1.07675	1.07712	1351
2024.01.22	01:00:00	1.07712	1.07723	1.07559	1.07606	1952
2024.01.22	02:00:00	1.07606	1.07613	1.07567	1.07581	1270
2024.01.22	03:00:00	1.07581	1.07633	1.07569	1.07583	2985
2024.01.22	04:00:00	1.07583	1.07612	1.07547	1.07572	624
2024.01.22	05:00:00	1.07572	1.07621	1.07535	1.07617	873
2024.01.22	06:00:00	1.07617	1.07672	1.07541	1.07634	2756
2024.01.22	07:00:00	1.07634	1.07704	1.07555	1.07672	2955
2024.01.22	08:00:00	1.07672	1.07678	1.07622	1.07622	1983
2024.01.22	09:00:00	1.07622	1.07686	1.07618	1.07675	2441
2024.01.22	10:00:00	1.07675	1.07844	1.07659	1.07775	2374
2024.01.22	11:00:00	1.07775	1.07817	1.07685	1.07706	3910
2024.01.22	12:00:00	1.07706	1.07719	1.07607	1.07644	2509
2024.01.22	13:00:00	1.07644	1.07730	1.07643	1.07725	4315
2024.01.22	14:00:00	1.07725	1.07728	1.07689	1.07707	1476
2024.01.22	15:00:00	1.07707	1.07834	1.07645	1.07792	1398
2024.01.22	16:00:00	1.07792	1.07840	1.07745	1.07758	2316
2024.01.22	17:00:00	1.07758	1.07856	1.07756	1.07847	866
2024.01.22	18:00:00	1.07847	1.07858	1.07748	1.07850	3519
2024.01.22	19:00:00	1.07850	1.07890	1.07842	1.07861	2257
2024.01.22	20:00:00	1.07861	1.08015	1.07839	1.07957	2148
2024.01.22	21:00:00	1.07957	1.07994	1.07903	1.07929	2903
2024.01.22	22:00:00	1.07929	1.07940	1.07833	1.07862	869
2024.01.22	23:00:00	1.07862	1.07934	1.07816	1.07828	2195
2024.01.23	00:00:00	1.07828	1.07912	1.07820	1.07852	4874
2024.01.23	01:00:00	1.07852	1.07852	1.07741	1.07745	3328
2024.01.23	02:00:00	1.07745	1.07795	1.07722	1.07781	3082
2024.01.23	03:00:00	1.07781	1.07817	1.07728	1.07741	2775
2024.01.23	04:00:00	1.07741	1.07821	1.07659	1.07809	2609
2024.01.23	05:00:00	1.07809	1.07854	1.07601	1.07649	4714
2024.01.23	06:00:00	1.07649	1.07677	1.07581	1.07593	4686
2024.01.23	07:00:00	1.07593	1.07635	1.07445	1.07479	2342
2024.01.23	08:00:00	1.07479	1.07490	1.07386	1.07420	4661
2024.01.23	09:00:00	1.07420	1.07505	1.07410	1.07431	871
2024.01.23	10:00:00	1.07431	1.07470	1.07376	1.07414	1938
2024.01.23	11:00:00	1.07414	1.07437	1.07333	1.07392	1858
2024.01.23	12:00:00	1.07392	1.07393	1.07346	1.07377	3637
2024.01.23	13:00:00	1.07377	1.07492	1.07357	1.07384	3226
2024.01.23	14:00:00	1.07384	1.07434	1.07227	1.07314	2626
2024.01.23	15:00:00	1.07314	1.07360	1.07310	1.07354	1652
2024.01.23	16:00:00	1.07354	1.07424	1.07281	1.07392	2780
2024.01.23	17:00:00	1.07392	1.07451	1.07383	1.07411	1710
2024.01.23	18:00:00	1.07411	1.07469	1.07401	1.07441	2738
2024.01.23	19:00:00	1.07441	1.07483	1.07429	1.07455	2028
2024.01.23	20:00:00	1.07455	1.07595	1.07418	1.07581	4498
2024.01.23	21:00:00	1.07581	1.07652	1.07516	1.07570	3857
2024.01.23	22:00:00	1.07570	1.07635	1.07504	1.07545	1288
2024.01.23	23:00:00	1.07545	1.07559	1.07477	1.07491	4730
2024.01.24	00:00:00	1.07491	1.07509	1.07382	1.07419	3464
2024.01.24	01:00:00	1.07419	1.07451	1.07328	1.07333	2076
2024.01.24	02:00:00	1.07333	1.07384	1.07251	1.07271	2887
2024.01.24	03:00:00	1.07271	1.07297	1.07221	1.07261	1379
2024.01.24	04:00:00	1.07261	1.07306	1.07217	1.07277	710
2024.01.24	05:00:00	1.07277	1.07290	1.07257	1.07275	2392
2024.01.24	06:00:00	1.07275	1.07284	1.07212	1.07220	4019
2024.01.24	07:00:00	1.07220	1.07293	1.07172	1.07273	2083
2024.01.24	08:00:00	1.07273	1.07320	1.07237	1.07315	2229
2024.01.24	09:00:00	1.07315	1.07438	1.07295	1.07300	4955
2024.01.24	10:00:00	1.07300	1.07307	1.07251	1.07252	4942
2024.01.24	11:00:00	1.07252	1.07308	1.07214	1.07282	2587
2024.01.24	12:00:00	1.07282	1.07307	1.07253	1.07289	698
2024.01.24	13:00:00	1.07289	1.07293	1.07148	1.07190	3556
2024.01.24	14:00:00	1.07190	1.07256	1.07162	1.07181	3716
2024.01.24	15:00:00	1.07181	1.07205	1.07102	1.07192	4612
2024.01.24	16:00:00	1.07192	1.07210	1.07088	1.07129	4766
2024.01.24	17:00:00	1.07129	1.07178	1.07054	1.07136	3330
2024.01.24	18:00:00	1.07136	1.07150	1.07020	1.07037	982
2024.01.24	19:00:00	1.07037	1.07153	1.06965	1.07117	1622
2024.01.24	20:00:00	1.07117	1.07290	1.07116	1.07192	3725
2024.01.24	21:00:00	1.07192	1.07211	1.07105	1.07171	3233
2024.01.24	22:00:00	1.07171	1.07219	1.07104	1.07189	2461
2024.01.24	23:00:00	1.07189	1.07203	1.06956	1.07028	2308
2024.01.25	00:00:00	1.07028	1.07060	1.06937	1.06949	3692
2024.01.25	01:00:00	1.06949	1.06955	1.06885	1.06925	2400
2024.01.25	02:00:00	1.06925	1.06976	1.06803	1.06851	1196
2024.01.25	03:00:00	1.06851	1.06903	1.06846	1.06891	4906
2024.01.25	04:00:00	1.06891	1.07033	1.06842	1.07014	2072
2024.01.25	05:00:00	1.07014	1.07034	1.06909	1.06933	1753
2024.01.25	06:00:00	1.06933	1.06993	1.06845	1.06874	811
2024.01.25	07:00:00	1.06874	1.06952	1.06846	1.06884	2610
2024.01.25	08:00:00	1.06884	1.07000	1.06794	1.06982	4937
2024.01.25	09:00:00	1.06982	1.07016	1.06868	1.06898	1219
2024.01.25	10:00:00	1.06898	1.06970	1.06865	1.06909	1601
2024.01.25	11:00:00	1.06909	1.07030	1.06905	1.07020	1303
2024.01.25	12:00:00	1.07020	1.07032	1.06901	1.06909	923
2024.01.25	13:00:00	1.06909	1.06939	1.06816	1.06821	3215
2024.01.25	14:00:00	1.06821	1.06856	1.06782	1.06789	1841
2024.01.25	15:00:00	1.06789	1.06803	1.06749	1.06750	3879
2024.01.25	16:00:00	1.06750	1.06810	1.06728	1.06797	2302
2024.01.25	17:00:00	1.06797	1.06854	1.06791	1.06807	3364
2024.01.25	18:00:00	1.06807	1.06883	1.06677	1.06688	902
2024.01.25	19:00:00	1.06688	1.06745	1.06672	1.06716	1981
2024.01.25	20:00:00	1.06716	1.06717	1.06640	1.06673	2363
2024.01.25	21:00:00	1.06673	1.06752	1.06651	1.06750	768
2024.01.25	22:00:00	1.06750	1.06772	1.06702	1.06704	2386
2024.01.25	23:00:00	1.06704	1.06709	1.06611	1.06658	2616
2024.01.26	00:00:00	1.06658	1.06695	1.06614	1.06687	2317
2024.01.26	01:00:00	1.06687	1.06773	1.06615	1.06731	2769
2024.01.26	02:00:00	1.06731	1.06806	1.06677	1.06754	4087
2024.01.26	03:00:00	1.06754	1.06800	1.06627	1.06641	3967
2024.01.26	04:00:00	1.06641	1.06687	1.06603	1.06670	563
2024.01.26	05:00:00	1.06670	1.06674	1.06511	1.06598	3381
2024.01.26	06:00:00	1.06598	1.06688	1.06578	1.06608	4568
2024.01.26	07:00:00	1.06608	1.06625	1.06492	1.06512	4420
2024.01.26	08:00:00	1.06512	1.06562	1.06497	1.06535	1955
2024.01.26	09:00:00	1.06535	1.06557	1.06474	1.06478	4023
2024.01.26	10:00:00	1.06478	1.06545	1.06378	1.06391	4104
2024.01.26	11:00:00	1.06391	1.06544	1.06386	1.06431	2146
2024.01.26	12:00:00	1.06431	1.06481	1.06290	1.06441	4411
2024.01.26	13:00:00	1.06441	1.06551	1.06394	1.06397	3344
2024.01.26	14:00:00	1.06397	1.06508	1.06396	1.06484	3879
2024.01.26	15:00:00	1.06484	1.06528	1.06409	1.06451	3862
2024.01.26	16:00:00	1.06451	1.06452	1.06395	1.06447	4016
2024.01.26	17:00:00	1.06447	1.06462	1.06440	1.06459	4805
2024.01.26	18:00:00	1.06459	1.06493	1.06382	1.06414	4358
2024.01.26	19:00:00	1.06414	1.06513	1.06370	1.06439	2400
2024.01.26	20:00:00	1.06439	1.06455	1.06369	1.06400	3029
2024.01.26	21:00:00	1.06400	1.06421	1.06345	1.06368	3417
2024.01.26	22:00:00	1.06368	1.06481	1.06321	1.06450	4354
2024.01.26	23:00:00	1.06450	1.06478	1.06371	1.06378	2266
2024.01.27	00:00:00	1.06378	1.06419	1.06163	1.06219	1908
2024.01.27	01:00:00	1.06219	1.06387	1.06212	1.06316	3820
2024.01.27	02:00:00	1.06316	1.06536	1.06256	1.06474	4793
2024.01.27	03:00:00	1.06474	1.06510	1.06412	1.06442	4603
2024.01.27	04:00:00	1.06442	1.06490	1.06272	1.06314	1165
2024.01.27	05:00:00	1.06314	1.06326	1.06262	1.06288	4636
2024.01.27	06:00:00	1.06288	1.06336	1.06256	1.06265	4051
2024.01.27	07:00:00	1.06265	1.06391	1.06239	1.06247	1206
2024.01.27	08:00:00	1.06247	1.06289	1.06145	1.06171	529
2024.01.27	09:00:00	1.06171	1.06222	1.06161	1.06203	1418
2024.01.27	10:00:00	1.06203	1.06255	1.06173	1.06231	4682
2024.01.27	11:00:00	1.06231	1.06292	1.06095	1.06130	3897
2024.01.27	12:00:00	1.06130	1.06194	1.06061	1.06170	3088
2024.01.27	13:00:00	1.06170	1.06330	1.06146	1.06295	3339
2024.01.27	14:00:00	1.06295	1.06302	1.06222	1.06301	2359
2024.01.27	15:00:00	1.06301	1.06302	1.06254	1.06274	4572
2024.01.27	16:00:00	1.06274	1.06307	1.06246	1.06260	1203
2024.01.27	17:00:00	1.06260	1.06296	1.06254	1.06293	1912
2024.01.27	18:00:00	1.06293	1.06324	1.06156	1.06178	1402
2024.01.27	19:00:00	1.06178	1.06190	1.06160	1.06183	4316
2024.01.27	20:00:00	1.06183	1.06192	1.06142	1.06153	2930
2024.01.27	21:00:00	1.06153	1.06303	1.06149	1.06265	3576
2024.01.27	22:00:00	1.06265	1.06305	1.06190	1.06249	4637
2024.01.27	23:00:00	1.06249	1.06367	1.06248	1.06350	1379
2024.01.28	00:00:00	1.06350	1.06368	1.06225	1.06274	4839
2024.01.28	01:00:00	1.06274	1.06312	1.06226	1.06306	1069
2024.01.28	02:00:00	1.06306	1.06325	1.06301	1.06321	3894
2024.01.28	03:00:00	1.06321	1.06356	1.06215	1.06261	3662
2024.01.28	04:00:00	1.06261	1.06269	1.06198	1.06267	4214
2024.01.28	05:00:00	1.06267	1.06364	1.06241	1.06339	1213
2024.01.28	06:00:00	1.06339	1.06376	1.06285	1.06313	4819
2024.01.28	07:00:00	1.06313	1.06378	1.06185	1.06200	4074
2024.01.28	08:00:00	1.06200	1.06214	1.06181	1.06193	997
2024.01.28	09:00:00	1.06193	1.06216	1.06123	1.06130	3006
2024.01.28	10:00:00	1.06130	1.06158	1.06079	1.06103	4177
2024.01.28	11:00:00	1.06103	1.06204	1.06069	1.06093	2645
2024.01.28	12:00:00	1.06093	1.06128	1.05875	1.05979	2214
2024.01.28	13:00:00	1.05979	1.06031	1.05861	1.05871	1739
2024.01.28	14:00:00	1.05871	1.05928	1.05850	1.05896	2821
2024.01.28	15:00:00	1.05896	1.05970	1.05841	1.05858	4927
2024.01.28	16:00:00	1.05858	1.05889	1.05688	1.05690	3233
2024.01.28	17:00:00	1.05690	1.05837	1.05660	1.05734	3749
2024.01.28	18:00:00	1.05734	1.05764	1.05731	1.05746	4008
2024.01.28	19:00:00	1.05746	1.05769	1.05635	1.05696	4001
2024.01.28	20:00:00	1.05696	1.05702	1.05562	1.05607	2302
2024.01.28	21:00:00	1.05607	1.05666	1.05602	1.05655	3959
2024.01.28	22:00:00	1.05655	1.05724	1.05647	1.05671	1976
2024.01.28	23:00:00	1.05671	1.05833	1.05557	1.05817	3128
2024.01.29	00:00:00	1.05817	1.05871	1.05804	1.05839	1861
2024.01.29	01:00:00	1.05839	1.05896	1.05785	1.05858	4728
2024.01.29	02:00:00	1.05858	1.05902	1.05833	1.05842	3785
2024.01.29	03:00:00	1.05842	1.05953	1.05836	1.05889	3127
2024.01.29	04:00:00	1.05889	1.05927	1.05861	1.05923	2531
2024.01.29	05:00:00	1.05923	1.06022	1.05867	1.05997	2840
2024.01.29	06:00:00	1.05997	1.06022	1.05958	1.05959	4009
2024.01.29	07:00:00	1.05959	1.05985	1.05835	1.05926	1731
2024.01.29	08:00:00	1.05926	1.05954	1.05881	1.05890	4228
2024.01.29	09:00:00	1.05890	1.05987	1.05838	1.05935	1767
2024.01.29	10:00:00	1.05935	1.06085	1.05913	1.06025	1137
2024.01.29	11:00:00	1.06025	1.06033	1.05976	1.05991	3815
2024.01.29	12:00:00	1.05991	1.06014	1.05935	1.05958	3687
2024.01.29	13:00:00	1.05958	1.06017	1.05920	1.05973	2006
2024.01.29	14:00:00	1.05973	1.05985	1.05940	1.05952	3419
2024.01.29	15:00:00	1.05952	1.06018	1.05946	1.06007	3779
2024.01.29	16:00:00	1.06007	1.06037	1.05841	1.05859	4045
2024.01.29	17:00:00	1.05859	1.05864	1.05769	1.05801	4787
2024.01.29	18:00:00	1.05801	1.05816	1.05721	1.05746	4344
2024.01.29	19:00:00	1.05746	1.05775	1.05547	1.05594	2476
2024.01.29	20:00:00	1.05594	1.05598	1.05514	1.05528	1536
2024.01.29	21:00:00	1.05528	1.05571	1.05416	1.05464	937
2024.01.29	22:00:00	1.05464	1.05465	1.05392	1.05446	3082
2024.01.29	23:00:00	1.05446	1.05543	1.05391	1.05511	3499
2024.01.30	00:00:00	1.05511	1.05531	1.05442	1.05491	3608
2024.01.30	01:00:00	1.05491	1.05563	1.05420	1.05420	542
2024.01.30	02:00:00	1.05420	1.05431	1.05363	1.05411	3656
2024.01.30	03:00:00	1.05411	1.05501	1.05387	1.05472	4041
2024.01.30	04:00:00	1.05472	1.05495	1.05386	1.05405	3747
2024.01.30	05:00:00	1.05405	1.05422	1.05334	1.05343	2865
2024.01.30	06:00:00	1.05343	1.05387	1.05320	1.05373	568
2024.01.30	07:00:00	1.05373	1.05405	1.05334	1.05353	2703
2024.01.30	08:00:00	1.05353	1.05411	1.05332	1.05389	3401
2024.01.30	09:00:00	1.05389	1.05406	1.05329	1.05383	3062
2024.01.30	10:00:00	1.05383	1.05444	1.05360	1.05422	3085
2024.01.30	11:00:00	1.05422	1.05466	1.05304	1.05351	2823
2024.01.30	12:00:00	1.05351	1.05387	1.05342	1.05345	2984
2024.01.30	13:00:00	1.05345	1.05369	1.05297	1.05327	1956
2024.01.30	14:00:00	1.05327	1.05392	1.05195	1.05245	3222
2024.01.30	15:00:00	1.05245	1.05279	1.05117	1.05141	1766
2024.01.30	16:00:00	1.05141	1.05193	1.05084	1.05179	2711
2024.01.30	17:00:00	1.05179	1.05190	1.05095	1.05151	2368
2024.01.30	18:00:00	1.05151	1.05157	1.05079	1.05082	3713
2024.01.30	19:00:00	1.05082	1.05191	1.05010	1.05070	4527
2024.01.30	20:00:00	1.05070	1.05172	1.04979	1.05136	3349
2024.01.30	21:00:00	1.05136	1.05138	1.04972	1.04987	1109
2024.01.30	22:00:00	1.04987	1.05001	1.04875	1.04888	3503
2024.01.30	23:00:00	1.04888	1.04897	1.04786	1.04824	1961
2024.01.31	00:00:00	1.04824	1.04956	1.04796	1.04911	722
2024.01.31	01:00:00	1.04911	1.04936	1.04859	1.04924	1365
2024.01.31	02:00:00	1.04924	1.05009	1.04897	1.04967	4997
2024.01.31	03:00:00	1.04967	1.04980	1.04877	1.04890	2422
2024.01.31	04:00:00	1.04890	1.04903	1.04766	1.04814	1407
2024.01.31	05:00:00	1.04814	1.04843	1.04787	1.04837	1100
2024.01.31	06:00:00	1.04837	1.04848	1.04834	1.04835	3426
2024.01.31	07:00:00	1.04835	1.04954	1.04824	1.04864	3923
2024.01.31	08:00:00	1.04864	1.04954	1.04842	1.04847	2089
2024.01.31	09:00:00	1.04847	1.04875	1.04837	1.04860	965
2024.01.31	10:00:00	1.04860	1.04865	1.04825	1.04864	2096
2024.01.31	11:00:00	1.04864	1.04939	1.04833	1.04908	3493
2024.01.31	12:00:00	1.04908	1.04990	1.04849	1.04954	1012
2024.01.31	13:00:00	1.04954	1.04986	1.04824	1.04846	1704
2024.01.31	14:00:00	1.04846	1.04848	1.04678	1.04700	509
2024.01.31	15:00:00	1.04700	1.04768	1.04683	1.04758	2624
2024.01.31	16:00:00	1.04758	1.04832	1.04757	1.04827	1267
2024.01.31	17:00:00	1.04827	1.04831	1.04697	1.04758	1399
2024.01.31	18:00:00	1.04758	1.04761	1.04584	1.04636	1008
2024.01.31	19:00:00	1.04636	1.04644	1.04604	1.04637	3786
2024.01.31	20:00:00	1.04637	1.04700	1.04551	1.04690	2702
2024.01.31	21:00:00	1.04690	1.04828	1.04634	1.04798	4767
2024.01.31	22:00:00	1.04798	1.04874	1.04783	1.04825	2277
2024.01.31	23:00:00	1.04825	1.04867	1.04795	1.04796	1497
2024.02.01	00:00:00	1.04796	1.04866	1.04647	1.04735	1418
2024.02.01	01:00:00	1.04735	1.04769	1.04657	1.04730	4789
2024.02.01	02:00:00	1.04730	1.04740	1.04706	1.04706	3153
2024.02.01	03:00:00	1.04706	1.04726	1.04558	1.04637	1963
2024.02.01	04:00:00	1.04637	1.04818	1.04609	1.04761	3443
2024.02.01	05:00:00	1.04761	1.04939	1.04726	1.04868	3010
2024.02.01	06:00:00	1.04868	1.04958	1.04849	1.04934	1016
2024.02.01	07:00:00	1.04934	1.04941	1.04869	1.04871	3657
2024.02.01	08:00:00	1.04871	1.04954	1.04822	1.04919	1036
2024.02.01	09:00:00	1.04919	1.04994	1.04906	1.04954	1396
2024.02.01	10:00:00	1.04954	1.04999	1.04927	1.04977	3709
2024.02.01	11:00:00	1.04977	1.05058	1.04920	1.05051	2501
2024.02.01	12:00:00	1.05051	1.05200	1.05049	1.05085	1499
2024.02.01	13:00:00	1.05085	1.05139	1.05042	1.05127	805
2024.02.01	14:00:00	1.05127	1.05226	1.05099	1.05162	3171
2024.02.01	15:00:00	1.05162	1.05226	1.05105	1.05178	3636
2024.02.01	16:00:00	1.05178	1.05193	1.05049	1.05060	1413
2024.02.01	17:00:00	1.05060	1.05100	1.05043	1.05060	2374
2024.02.01	18:00:00	1.05060	1.05103	1.05015	1.05020	2049
2024.02.01	19:00:00	1.05020	1.05080	1.04914	1.04934	4512
2024.02.01	20:00:00	1.04934	1.05099	1.04934	1.05035	4059
2024.02.01	21:00:00	1.05035	1.05146	1.05017	1.05138	1732
2024.02.01	22:00:00	1.05138	1.05325	1.05100	1.05219	2811
2024.02.01	23:00:00	1.05219	1.05243	1.05211	1.05230	4656
2024.02.02	00:00:00	1.05230	1.05336	1.05170	1.05310	2055
2024.02.02	01:00:00	1.05310	1.05319	1.05238	1.05305	1134
2024.02.02	02:00:00	1.05305	1.05342	1.05236	1.05313	1842
2024.02.02	03:00:00	1.05313	1.05347	1.05214	1.05239	3231
2024.02.02	04:00:00	1.05239	1.05311	1.05193	1.05258	4965
2024.02.02	05:00:00	1.05258	1.05261	1.05245	1.05257	1885
2024.02.02	06:00:00	1.05257	1.05258	1.05164	1.05169	763
2024.02.02	07:00:00	1.05169	1.05183	1.05158	1.05161	1318
2024.02.02	08:00:00	1.05161	1.05210	1.05133	1.05151	2356
2024.02.02	09:00:00	1.05151	1.05293	1.05144	1.05259	922
2024.02.02	10:00:00	1.05259	1.05323	1.05150	1.05310	657
2024.02.02	11:00:00	1.05310	1.05313	1.05293	1.05306	3450
2024.02.02	12:00:00	1.05306	1.05378	1.05289	1.05316	4209
2024.02.02	13:00:00	1.05316	1.05369	1.05248	1.05314	1549
2024.02.02	14:00:00	1.05314	1.05314	1.05228	1.05295	2851
2024.02.02	15:00:00	1.05295	1.05375	1.05167	1.05222	3077
2024.02.02	16:00:00	1.05222	1.05245	1.05193	1.05207	3504
2024.02.02	17:00:00	1.05207	1.05276	1.05092	1.05155	4907
2024.02.02	18:00:00	1.05155	1.05279	1.05010	1.05071	4483
2024.02.02	19:00:00	1.05071	1.05127	1.05030	1.05098	1921
2024.02.02	20:00:00	1.05098	1.05121	1.05084	1.05117	4890
2024.02.02	21:00:00	1.05117	1.05163	1.04992	1.04999	657
2024.02.02	22:00:00	1.04999	1.05034	1.04931	1.04986	4828
2024.02.02	23:00:00	1.04986	1.05058	1.04938	1.05044	1142
2024.02.03	00:00:00	1.05044	1.05139	1.04997	1.05105	1012
2024.02.03	01:00:00	1.05105	1.05182	1.05087	1.05165	1036
2024.02.03	02:00:00	1.05165	1.05182	1.05148	1.05162	1049
2024.02.03	03:00:00	1.05162	1.05163	1.05073	1.05103	2584
2024.02.03	04:00:00	1.05103	1.05125	1.04997	1.05030	3380
2024.02.03	05:00:00	1.05030	1.05047	1.05022	1.05046	3850
2024.02.03	06:00:00	1.05046	1.05104	1.05032	1.05065	571
2024.02.03	07:00:00	1.05065	1.05159	1.05019	1.05141	1833
2024.02.03	08:00:00	1.05141	1.05258	1.05074	1.05205	1095
2024.02.03	09:00:00	1.05205	1.05284	1.05161	1.05191	1156
2024.02.03	10:00:00	1.05191	1.05215	1.05097	1.05107	3858
2024.02.03	11:00:00	1.05107	1.05130	1.05068	1.05082	3383
2024.02.03	12:00:00	1.05082	1.05093	1.05063	1.05091	1444
2024.02.03	13:00:00	1.05091	1.05093	1.05052	1.05073	1855
2024.02.03	14:00:00	1.05073	1.05088	1.04956	1.05031	4662
2024.02.03	15:00:00	1.05031	1.05042	1.05014	1.05042	3088
2024.02.03	16:00:00	1.05042	1.05043	1.04983	1.05005	1574
2024.02.03	17:00:00	1.05005	1.05012	1.04889	1.04960	4702
2024.02.03	18:00:00	1.04960	1.05068	1.04942	1.04974	1393
2024.02.03	19:00:00	1.04974	1.05049	1.04940	1.04944	1811
2024.02.03	20:00:00	1.04944	1.04960	1.04893	1.04954	3617
2024.02.03	21:00:00	1.04954	1.04989	1.04947	1.04966	2806
2024.02.03	22:00:00	1.04966	1.05021	1.04829	1.04889	811
2024.02.03	23:00:00	1.04889	1.04907	1.04823	1.04853	4130
2024.02.04	00:00:00	1.04853	1.04965	1.04836	1.04938	1526
2024.02.04	01:00:00	1.04938	1.04997	1.04849	1.04860	3612
2024.02.04	02:00:00	1.04860	1.04883	1.04718	1.04722	2004
2024.02.04	03:00:00	1.04722	1.04752	1.04569	1.04600	3881
2024.02.04	04:00:00	1.04600	1.04626	1.04551	1.04596	4541
2024.02.04	05:00:00	1.04596	1.04614	1.04585	1.04593	3976
2024.02.04	06:00:00	1.04593	1.04603	1.04552	1.04580	4645
2024.02.04	07:00:00	1.04580	1.04703	1.04509	1.04651	2929
2024.02.04	08:00:00	1.04651	1.04727	1.04451	1.04478	792
2024.02.04	09:00:00	1.04478	1.04551	1.04411	1.04498	2912
2024.02.04	10:00:00	1.04498	1.04668	1.04493	1.04591	2575
2024.02.04	11:00:00	1.04591	1.04634	1.04468	1.04515	3735
2024.02.04	12:00:00	1.04515	1.04547	1.04428	1.04486	1619
2024.02.04	13:00:00	1.04486	1.04550	1.04387	1.04433	3639
2024.02.04	14:00:00	1.04433	1.04463	1.04306	1.04372	2487
2024.02.04	15:00:00	1.04372	1.04453	1.04341	1.04346	3515
2024.02.04	16:00:00	1.04346	1.04471	1.04330	1.04430	2388
2024.02.04	17:00:00	1.04430	1.04588	1.04370	1.04540	2219
2024.02.04	18:00:00	1.04540	1.04557	1.04493	1.04514	1464
2024.02.04	19:00:00	1.04514	1.04636	1.04434	1.04628	4228
2024.02.04	20:00:00	1.04628	1.04669	1.04584	1.04625	809
2024.02.04	21:00:00	1.04625	1.04792	1.04602	1.04730	1562
2024.02.04	22:00:00	1.04730	1.04776	1.04687	1.04719	2420
2024.02.04	23:00:00	1.04719	1.04724	1.04667	1.04722	1200
2024.02.05	00:00:00	1.04722	1.04775	1.04678	1.04740	4625
2024.02.05	01:00:00	1.04740	1.04971	1.04734	1.04935	2053
2024.02.05	02:00:00	1.04935	1.05008	1.04838	1.04983	1590
2024.02.05	03:00:00	1.04983	1.05013	1.04918	1.04933	1642
2024.02.05	04:00:00	1.04933	1.04990	1.04874	1.04989	1362
2024.02.05	05:00:00	1.04989	1.05002	1.04912	1.04961	3484
2024.02.05	06:00:00	1.04961	1.04969	1.04906	1.04925	2665
2024.02.05	07:00:00	1.04925	1.05058	1.04877	1.04977	1539
2024.02.05	08:00:00	1.04977	1.05047	1.04953	1.04974	4429
2024.02.05	09:00:00	1.04974	1.04995	1.04896	1.04986	3454
2024.02.05	10:00:00	1.04986	1.05034	1.04925	1.04982	2313
2024.02.05	11:00:00	1.04982	1.05056	1.04936	1.04997	2809
2024.02.05	12:00:00	1.04997	1.05045	1.04960	1.05019	3452
2024.02.05	13:00:00	1.05019	1.05040	1.04875	1.04892	1186
2024.02.05	14:00:00	1.04892	1.04937	1.04845	1.04928	4137
2024.02.05	15:00:00	1.04928	1.04992	1.04800	1.04861	1662
2024.02.05	16:00:00	1.04861	1.04885	1.04747	1.04765	633
2024.02.05	17:00:00	1.04765	1.04792	1.04741	1.04757	2847
2024.02.05	18:00:00	1.04757	1.04777	1.04711	1.04757	4443
2024.02.05	19:00:00	1.04757	1.04791	1.04626	1.04708	3798
2024.02.05	20:00:00	1.04708	1.04758	1.04707	1.04755	1888
2024.02.05	21:00:00	1.04755	1.04791	1.04609	1.04665	2292
2024.02.05	22:00:00	1.04665	1.04679	1.04599	1.04634	3181
2024.02.05	23:00:00	1.04634	1.04721	1.04572	1.04593	1547
2024.02.06	00:00:00	1.04593	1.04596	1.04564	1.04584	4190
2024.02.06	01:00:00	1.04584	1.04644	1.04527	1.04597	1827
2024.02.06	02:00:00	1.04597	1.04604	1.04470	1.04528	1475
2024.02.06	03:00:00	1.04528	1.04622	1.04453	1.04568	928
2024.02.06	04:00:00	1.04568	1.04616	1.04545	1.04567	3619
2024.02.06	05:00:00	1.04567	1.04609	1.04438	1.04443	613
2024.02.06	06:00:00	1.04443	1.04461	1.04274	1.04315	4124
2024.02.06	07:00:00	1.04315	1.04353	1.04299	1.04309	4879
2024.02.06	08:00:00	1.04309	1.04333	1.04236	1.04290	1000
2024.02.06	09:00:00	1.04290	1.04311	1.04260	1.04279	933
2024.02.06	10:00:00	1.04279	1.04323	1.04240	1.04272	4705
2024.02.06	11:00:00	1.04272	1.04302	1.04252	1.04281	1061
2024.02.06	12:00:00	1.04281	1.04346	1.04278	1.04335	2334
2024.02.06	13:00:00	1.04335	1.04360	1.04219	1.04260	4419
2024.02.06	14:00:00	1.04260	1.04271	1.04118	1.04181	1125
2024.02.06	15:00:00	1.04181	1.04199	1.04088	1.04108	3485
2024.02.06	16:00:00	1.04108	1.04135	1.04036	1.04121	2221
2024.02.06	17:00:00	1.04121	1.04202	1.04114	1.04193	2462
2024.02.06	18:00:00	1.04193	1.04257	1.04139	1.04161	4689
2024.02.06	19:00:00	1.04161	1.04168	1.03929	1.04000	3420
2024.02.06	20:00:00	1.04000	1.04047	1.03865	1.03888	1937
2024.02.06	21:00:00	1.03888	1.03911	1.03824	1.03831	4707
2024.02.06	22:00:00	1.03831	1.03890	1.03762	1.03791	3113
2024.02.06	23:00:00	1.03791	1.03835	1.03711	1.03761	947
2024.02.07	00:00:00	1.03761	1.03794	1.03729	1.03758	2266
2024.02.07	01:00:00	1.03758	1.03792	1.03710	1.03733	1596
2024.02.07	02:00:00	1.03733	1.03797	1.03682	1.03793	3390
2024.02.07	03:00:00	1.03793	1.03818	1.03710	1.03746	4371
2024.02.07	04:00:00	1.03746	1.03796	1.03635	1.03687	675
2024.02.07	05:00:00	1.03687	1.03724	1.03683	1.03712	4012
2024.02.07	06:00:00	1.03712	1.03730	1.03577	1.03611	4623
2024.02.07	07:00:00	1.03611	1.03714	1.03527	1.03630	4974
2024.02.07	08:00:00	1.03630	1.03634	1.03569	1.03631	3475
2024.02.07	09:00:00	1.03631	1.03632	1.03560	1.03617	1912
2024.02.07	10:00:00	1.03617	1.03718	1.03594	1.03711	1153
2024.02.07	11:00:00	1.03711	1.03795	1.03602	1.03667	4751
2024.02.07	12:00:00	1.03667	1.03839	1.03659	1.03790	2356
2024.02.07	13:00:00	1.03790	1.03821	1.03731	1.03771	2046
2024.02.07	14:00:00	1.03771	1.03809	1.03606	1.03686	3802
2024.02.07	15:00:00	1.03686	1.03706	1.03665	1.03685	3717
2024.02.07	16:00:00	1.03685	1.03689	1.03538	1.03613	4142
2024.02.07	17:00:00	1.03613	1.03644	1.03530	1.03561	4472
2024.02.07	18:00:00	1.03561	1.03601	1.03499	1.03581	4446
2024.02.07	19:00:00	1.03581	1.03624	1.03529	1.03610	1268
2024.02.07	20:00:00	1.03610	1.03653	1.03546	1.03566	1263
2024.02.07	21:00:00	1.03566	1.03670	1.03524	1.03622	1425
2024.02.07	22:00:00	1.03622	1.03693	1.03616	1.03689	3322
2024.02.07	23:00:00	1.03689	1.03842	1.03666	1.03773	3114
2024.02.08	00:00:00	1.03773	1.03803	1.03752	1.03801	4357
2024.02.08	01:00:00	1.03801	1.03892	1.03792	1.03881	4297
2024.02.08	02:00:00	1.03881	1.03920	1.03715	1.03758	4160
2024.02.08	03:00:00	1.03758	1.03772	1.03711	1.03733	855
2024.02.08	04:00:00	1.03733	1.03767	1.03650	1.03674	3630
2024.02.08	05:00:00	1.03674	1.03684	1.03639	1.03677	4328
2024.02.08	06:00:00	1.03677	1.03729	1.03623	1.03636	4920
2024.02.08	07:00:00	1.03636	1.03692	1.03574	1.03620	2044
2024.02.08	08:00:00	1.03620	1.03777	1.03593	1.03732	3995
2024.02.08	09:00:00	1.03732	1.03780	1.03716	1.03717	2328
2024.02.08	10:00:00	1.03717	1.03750	1.03697	1.03737	1223
2024.02.08	11:00:00	1.03737	1.03797	1.03706	1.03717	2029
2024.02.08	12:00:00	1.03717	1.03760	1.03689	1.03717	1630
2024.02.08	13:00:00	1.03717	1.03744	1.03677	1.03712	4601
2024.02.08	14:00:00	1.03712	1.03771	1.03655	1.03735	1290
2024.02.08	15:00:00	1.03735	1.03871	1.03695	1.03802	1088
2024.02.08	16:00:00	1.03802	1.03921	1.03789	1.03900	3108
2024.02.08	17:00:00	1.03900	1.03929	1.03835	1.03914	3084
2024.02.08	18:00:00	1.03914	1.03972	1.03872	1.03945	3024
2024.02.08	19:00:00	1.03945	1.03956	1.03803	1.03868	1166
2024.02.08	20:00:00	1.03868	1.03935	1.03804	1.03858	2743
2024.02.08	21:00:00	1.03858	1.03939	1.03804	1.03911	4678
2024.02.08	22:00:00	1.03911	1.03998	1.03864	1.03960	904
2024.02.08	23:00:00	1.03960	1.03983	1.03859	1.03968	4090
2024.02.09	00:00:00	1.03968	1.04039	1.03965	1.04018	1066
2024.02.09	01:00:00	1.04018	1.04054	1.03973	1.04043	1552
2024.02.09	02:00:00	1.04043	1.04144	1.03980	1.04113	4541
2024.02.09	03:00:00	1.04113	1.04133	1.04078	1.04126	1840
2024.02.09	04:00:00	1.04126	1.04202	1.04029	1.04099	2850
2024.02.09	05:00:00	1.04099	1.04170	1.04010	1.04114	2216
2024.02.09	06:00:00	1.04114	1.04129	1.03912	1.03926	3264
2024.02.09	07:00:00	1.03926	1.03946	1.03910	1.03945	2324
2024.02.09	08:00:00	1.03945	1.03979	1.03666	1.03713	2497
2024.02.09	09:00:00	1.03713	1.03758	1.03548	1.03600	4178
2024.02.09	10:00:00	1.03600	1.03656	1.03562	1.03623	2993
2024.02.09	11:00:00	1.03623	1.03651	1.03569	1.03648	3040
2024.02.09	12:00:00	1.03648	1.03720	1.03536	1.03570	4125
2024.02.09	13:00:00	1.03570	1.03615	1.03500	1.03521	2425
2024.02.09	14:00:00	1.03521	1.03683	1.03454	1.03601	4206
2024.02.09	15:00:00	1.03601	1.03604	1.03483	1.03565	3737
2024.02.09	16:00:00	1.03565	1.03785	1.03524	1.03700	4476
2024.02.09	17:00:00	1.03700	1.03724	1.03687	1.03694	2560
2024.02.09	18:00:00	1.03694	1.03751	1.03643	1.03715	3013
2024.02.09	19:00:00	1.03715	1.03837	1.03706	1.03810	1077
2024.02.09	20:00:00	1.03810	1.03838	1.03796	1.03813	1001
2024.02.09	21:00:00	1.03813	1.03823	1.03742	1.03745	983
2024.02.09	22:00:00	1.03745	1.03765	1.03671	1.03733	3348
2024.02.09	23:00:00	1.03733	1.03759	1.03651	1.03726	1966
2024.02.10	00:00:00	1.03726	1.03731	1.03596	1.03636	1800
2024.02.10	01:00:00	1.03636	1.03652	1.03601	1.03615	3212
2024.02.10	02:00:00	1.03615	1.03659	1.03552	1.03564	2292
2024.02.10	03:00:00	1.03564	1.03629	1.03549	1.03616	1106
2024.02.10	04:00:00	1.03616	1.03629	1.03568	1.03613	3008
2024.02.10	05:00:00	1.03613	1.03620	1.03577	1.03590	2975
2024.02.10	06:00:00	1.03590	1.03647	1.03525	1.03578	1128
2024.02.10	07:00:00	1.03578	1.03627	1.03575	1.03587	1713
2024.02.10	08:00:00	1.03587	1.03730	1.03540	1.03620	1567
2024.02.10	09:00:00	1.03620	1.03638	1.03508	1.03553	3629
2024.02.10	10:00:00	1.03553	1.03578	1.03417	1.03483	1621
2024.02.10	11:00:00	1.03483	1.03552	1.03481	1.03546	627
2024.02.10	12:00:00	1.03546	1.03569	1.03507	1.03516	1700
2024.02.10	13:00:00	1.03516	1.03561	1.03342	1.03422	2610
2024.02.10	14:00:00	1.03422	1.03473	1.03399	1.03445	3962
2024.02.10	15:00:00	1.03445	1.03492	1.03426	1.03468	735
2024.02.10	16:00:00	1.03468	1.03476	1.03361	1.03368	4465
2024.02.10	17:00:00	1.03368	1.03446	1.03282	1.03377	1987
2024.02.10	18:00:00	1.03377	1.03494	1.03369	1.03418	2041
2024.02.10	19:00:00	1.03418	1.03493	1.03403	1.03436	570
2024.02.10	20:00:00	1.03436	1.03487	1.03385	1.03470	1743
2024.02.10	21:00:00	1.03470	1.03486	1.03351	1.03378	2610
2024.02.10	22:00:00	1.03378	1.03404	1.03288	1.03393	3317
2024.02.10	23:00:00	1.03393	1.03413	1.03329	1.03369	3951
2024.02.11	00:00:00	1.03369	1.03402	1.03290	1.03334	2852
2024.02.11	01:00:00	1.03334	1.03445	1.03304	1.03383	950
2024.02.11	02:00:00	1.03383	1.03472	1.03274	1.03469	2261
2024.02.11	03:00:00	1.03469	1.03598	1.03451	1.03576	3808
2024.02.11	04:00:00	1.03576	1.03679	1.03519	1.03652	3377
2024.02.11	05:00:00	1.03652	1.03669	1.03640	1.03640	3128
2024.02.11	06:00:00	1.03640	1.03700	1.03604	1.03657	2787
2024.02.11	07:00:00	1.03657	1.03713	1.03591	1.03699	2770
2024.02.11	08:00:00	1.03699	1.03733	1.03635	1.03702	4968
2024.02.11	09:00:00	1.03702	1.03707	1.03644	1.03705	3197
2024.02.11	10:00:00	1.03705	1.03787	1.03701	1.03751	3186
2024.02.11	11:00:00	1.03751	1.03761	1.03738	1.03742	2011
2024.02.11	12:00:00	1.03742	1.03754	1.03647	1.03691	2705
2024.02.11	13:00:00	1.03691	1.03719	1.03656	1.03660	3696
2024.02.11	14:00:00	1.03660	1.03712	1.03615	1.03695	4361
2024.02.11	15:00:00	1.03695	1.03704	1.03642	1.03690	4008
2024.02.11	16:00:00	1.03690	1.03769	1.03581	1.03706	3480
2024.02.11	17:00:00	1.03706	1.03808	1.03686	1.03742	4002
2024.02.11	18:00:00	1.03742	1.03759	1.03688	1.03714	648
2024.02.11	19:00:00	1.03714	1.03788	1.03612	1.03756	1712
2024.02.11	20:00:00	1.03756	1.03786	1.03688	1.03774	1593
2024.02.11	21:00:00	1.03774	1.03805	1.03630	1.03692	3442
2024.02.11	22:00:00	1.03692	1.03827	1.03651	1.03777	3890
2024.02.11	23:00:00	1.03777	1.03833	1.03725	1.03740	1166
2024.02.12	00:00:00	1.03740	1.03807	1.03606	1.03632	1368
2024.02.12	01:00:00	1.03632	1.03646	1.03503	1.03562	2729
2024.02.12	02:00:00	1.03562	1.03579	1.03485	1.03493	4857
2024.02.12	03:00:00	1.03493	1.03531	1.03475	1.03491	511
2024.02.12	04:00:00	1.03491	1.03512	1.03466	1.03469	4457
2024.02.12	05:00:00	1.03469	1.03517	1.03418	1.03443	1371
2024.02.12	06:00:00	1.03443	1.03512	1.03420	1.03476	1708
2024.02.12	07:00:00	1.03476	1.03523	1.03460	1.03492	3342
2024.02.12	08:00:00	1.03492	1.03550	1.03485	1.03507	3779
2024.02.12	09:00:00	1.03507	1.03543	1.03421	1.03527	4434
2024.02.12	10:00:00	1.03527	1.03602	1.03509	1.03560	524
2024.02.12	11:00:00	1.03560	1.03577	1.03378	1.03424	720
2024.02.12	12:00:00	1.03424	1.03529	1.03353	1.03396	2652
2024.02.12	13:00:00	1.03396	1.03401	1.03235	1.03256	3013
2024.02.12	14:00:00	1.03256	1.03263	1.03224	1.03253	1673
2024.02.12	15:00:00	1.03253	1.03286	1.03232	1.03248	3365
2024.02.12	16:00:00	1.03248	1.03383	1.03220	1.03307	1693
2024.02.12	17:00:00	1.03307	1.03422	1.03305	1.03376	4695
2024.02.12	18:00:00	1.03376	1.03416	1.03279	1.03383	1298
2024.02.12	19:00:00	1.03383	1.03433	1.03290	1.03347	3448
2024.02.12	20:00:00	1.03347	1.03374	1.03300	1.03372	2886
2024.02.12	21:00:00	1.03372	1.03412	1.03303	1.03334	963
2024.02.12	22:00:00	1.03334	1.03393	1.03258	1.03329	3221
2024.02.12	23:00:00	1.03329	1.03413	1.03271	1.03385	1160
2024.02.13	00:00:00	1.03385	1.03415	1.03290	1.03345	2928
2024.02.13	01:00:00	1.03345	1.03456	1.03305	1.03390	3360
2024.02.13	02:00:00	1.03390	1.03471	1.03367	1.03427	824
2024.02.13	03:00:00	1.03427	1.03427	1.03340	1.03362	1470
2024.02.13	04:00:00	1.03362	1.03450	1.03313	1.03417	1830
2024.02.13	05:00:00	1.03417	1.03471	1.03371	1.03456	4677
2024.02.13	06:00:00	1.03456	1.03529	1.03435	1.03457	1495
2024.02.13	07:00:00	1.03457	1.03542	1.03400	1.03404	4643
2024.02.13	08:00:00	1.03404	1.03459	1.03338	1.03346	2902
2024.02.13	09:00:00	1.03346	1.03382	1.03273	1.03307	4768
2024.02.13	10:00:00	1.03307	1.03378	1.03170	1.03336	4240
2024.02.13	11:00:00	1.03336	1.03336	1.03255	1.03271	1818
2024.02.13	12:00:00	1.03271	1.03334	1.03242	1.03293	3018
2024.02.13	13:00:00	1.03293	1.03310	1.03159	1.03211	3726
2024.02.13	14:00:00	1.03211	1.03217	1.03180	1.03193	852
2024.02.13	15:00:00	1.03193	1.03239	1.03156	1.03195	3483
2024.02.13	16:00:00	1.03195	1.03371	1.03176	1.03341	2568
2024.02.13	17:00:00	1.03341	1.03343	1.03233	1.03251	660
2024.02.13	18:00:00	1.03251	1.03338	1.03232	1.03337	4401
2024.02.13	19:00:00	1.03337	1.03352	1.03258	1.03341	1695
2024.02.13	20:00:00	1.03341	1.03377	1.03312	1.03361	4433
2024.02.13	21:00:00	1.03361	1.03366	1.03357	1.03364	1430
2024.02.13	22:00:00	1.03364	1.03387	1.03338	1.03386	2937
2024.02.13	23:00:00	1.03386	1.03428	1.03336	1.03371	2168
2024.02.14	00:00:00	1.03371	1.03488	1.03320	1.03456	4518
2024.02.14	01:00:00	1.03456	1.03495	1.03406	1.03423	4788
2024.02.14	02:00:00	1.03423	1.03497	1.03381	1.03488	3965
2024.02.14	03:00:00	1.03488	1.03500	1.03416	1.03443	4305
2024.02.14	04:00:00	1.03443	1.03457	1.03397	1.03434	3960
2024.02.14	05:00:00	1.03434	1.03519	1.03326	1.03362	1820
2024.02.14	06:00:00	1.03362	1.03421	1.03302	1.03385	4641
2024.02.14	07:00:00	1.03385	1.03497	1.03318	1.03470	2885
2024.02.14	08:00:00	1.03470	1.03519	1.03423	1.03460	2045
2024.02.14	09:00:00	1.03460	1.03479	1.03409	1.03442	1365
2024.02.14	10:00:00	1.03442	1.03444	1.03262	1.03368	3693
2024.02.14	11:00:00	1.03368	1.03445	1.03329	1.03349	1748
2024.02.14	12:00:00	1.03349	1.03360	1.03202	1.03245	3437
2024.02.14	13:00:00	1.03245	1.03294	1.03160	1.03183	792
2024.02.14	14:00:00	1.03183	1.03193	1.03166	1.03192	3356
2024.02.14	15:00:00	1.03192	1.03285	1.03149	1.03268	3391
2024.02.14	16:00:00	1.03268	1.03440	1.03248	1.03437	2861
2024.02.14	17:00:00	1.03437	1.03471	1.03376	1.03396	3456
2024.02.14	18:00:00	1.03396	1.03507	1.03369	1.03480	4972
2024.02.14	19:00:00	1.03480	1.03529	1.03450	1.03490	4273
2024.02.14	20:00:00	1.03490	1.03515	1.03464	1.03475	2477
2024.02.14	21:00:00	1.03475	1.03501	1.03464	1.03497	4421
2024.02.14	22:00:00	1.03497	1.03506	1.03421	1.03496	4795
2024.02.14	23:00:00	1.03496	1.03526	1.03480	1.03497	1220
2024.02.15	00:00:00	1.03497	1.03549	1.03453	1.03467	2115
2024.02.15	01:00:00	1.03467	1.03506	1.03352	1.03375	3843
2024.02.15	02:00:00	1.03375	1.03404	1.03250	1.03274	2817
2024.02.15	03:00:00	1.03274	1.03367	1.03206	1.03309	1106
2024.02.15	04:00:00	1.03309	1.03390	1.03224	1.03287	2626
2024.02.15	05:00:00	1.03287	1.03299	1.03197	1.03245	2181
2024.02.15	06:00:00	1.03245	1.03264	1.03233	1.03240	3824
2024.02.15	07:00:00	1.03240	1.03338	1.03197	1.03284	2819
2024.02.15	08:00:00	1.03284	1.03290	1.03213	1.03290	1129
2024.02.15	09:00:00	1.03290	1.03311	1.03223	1.03245	722
2024.02.15	10:00:00	1.03245	1.03325	1.03190	1.03315	1792
2024.02.15	11:00:00	1.03315	1.03451	1.03305	1.03408	1205
2024.02.15	12:00:00	1.03408	1.03526	1.03365	1.03434	4443
2024.02.15	13:00:00	1.03434	1.03527	1.03416	1.03489	1720
2024.02.15	14:00:00	1.03489	1.03602	1.03487	1.03561	3355
2024.02.15	15:00:00	1.03561	1.03661	1.03503	1.03626	1073
2024.02.15	16:00:00	1.03626	1.03723	1.03608	1.03659	2487
2024.02.15	17:00:00	1.03659	1.03733	1.03629	1.03691	4703
2024.02.15	18:00:00	1.03691	1.03724	1.03685	1.03718	3395
2024.02.15	19:00:00	1.03718	1.03720	1.03612	1.03645	1797
2024.02.15	20:00:00	1.03645	1.03716	1.03628	1.03683	3864
2024.02.15	21:00:00	1.03683	1.03719	1.03573	1.03594	2755
2024.02.15	22:00:00	1.03594	1.03609	1.03484	1.03539	1557
2024.02.15	23:00:00	1.03539	1.03625	1.03532	1.03615	4984
2024.02.16	00:00:00	1.03615	1.03686	1.03610	1.03662	4719
2024.02.16	01:00:00	1.03662	1.03757	1.03640	1.03749	3049
2024.02.16	02:00:00	1.03749	1.03759	1.03694	1.03727	649
2024.02.16	03:00:00	1.03727	1.03728	1.03631	1.03650	2351
2024.02.16	04:00:00	1.03650	1.03682	1.03618	1.03630	2812
2024.02.16	05:00:00	1.03630	1.03697	1.03593	1.03631	4684
2024.02.16	06:00:00	1.03631	1.03655	1.03596	1.03631	3798
2024.02.16	07:00:00	1.03631	1.03729	1.03578	1.03696	1501
2024.02.16	08:00:00	1.03696	1.03704	1.03541	1.03669	2795
2024.02.16	09:00:00	1.03669	1.03714	1.03666	1.03685	1307
2024.02.16	10:00:00	1.03685	1.03712	1.03586	1.03619	2632
2024.02.16	11:00:00	1.03619	1.03648	1.03603	1.03642	2909
2024.02.16	12:00:00	1.03642	1.03699	1.03558	1.03637	2794
2024.02.16	13:00:00	1.03637	1.03650	1.03559	1.03585	2422
2024.02.16	14:00:00	1.03585	1.03588	1.03546	1.03565	2467
2024.02.16	15:00:00	1.03565	1.03585	1.03507	1.03548	4086
2024.02.16	16:00:00	1.03548	1.03608	1.03510	1.03526	2776
2024.02.16	17:00:00	1.03526	1.03651	1.03504	1.03631	689
2024.02.16	18:00:00	1.03631	1.03686	1.03619	1.03620	3833
2024.02.16	19:00:00	1.03620	1.03631	1.03576	1.03600	3279
2024.02.16	20:00:00	1.03600	1.03603	1.03426	1.03464	3630
2024.02.16	21:00:00	1.03464	1.03502	1.03400	1.03404	3698
2024.02.16	22:00:00	1.03404	1.03404	1.03349	1.03382	1279
2024.02.16	23:00:00	1.03382	1.03383	1.03316	1.03334	4873
2024.02.17	00:00:00	1.03334	1.03470	1.03309	1.03415	4956
2024.02.17	01:00:00	1.03415	1.03436	1.03359	1.03399	1155
2024.02.17	02:00:00	1.03399	1.03487	1.03392	1.03474	1485
2024.02.17	03:00:00	1.03474	1.03491	1.03458	1.03473	1608
2024.02.17	04:00:00	1.03473	1.03491	1.03466	1.03470	4849
2024.02.17	05:00:00	1.03470	1.03493	1.03419	1.03459	4695
2024.02.17	06:00:00	1.03459	1.03478	1.03380	1.03454	1692
2024.02.17	07:00:00	1.03454	1.03563	1.03434	1.03556	3337
2024.02.17	08:00:00	1.03556	1.03671	1.03368	1.03407	1595
2024.02.17	09:00:00	1.03407	1.03426	1.03206	1.03278	671
2024.02.17	10:00:00	1.03278	1.03321	1.03224	1.03239	1536
2024.02.17	11:00:00	1.03239	1.03306	1.03191	1.03234	848
2024.02.17	12:00:00	1.03234	1.03277	1.03211	1.03272	4314
2024.02.17	13:00:00	1.03272	1.03360	1.03255	1.03296	4034
2024.02.17	14:00:00	1.03296	1.03327	1.03229	1.03267	1329
2024.02.17	15:00:00	1.03267	1.03325	1.03264	1.03325	3053
2024.02.17	16:00:00	1.03325	1.03436	1.03315	1.03384	1423
2024.02.17	17:00:00	1.03384	1.03455	1.03380	1.03390	3044
2024.02.17	18:00:00	1.03390	1.03448	1.03383	1.03445	4531
2024.02.17	19:00:00	1.03445	1.03458	1.03401	1.03457	4459
2024.02.17	20:00:00	1.03457	1.03511	1.03400	1.03416	4248
2024.02.17	21:00:00	1.03416	1.03481	1.03398	1.03455	1584
2024.02.17	22:00:00	1.03455	1.03491	1.03447	1.03456	1358
2024.02.17	23:00:00	1.03456	1.03482	1.03447	1.03451	1221
2024.02.18	00:00:00	1.03451	1.03557	1.03384	1.03538	1072
2024.02.18	01:00:00	1.03538	1.03562	1.03355	1.03380	3262
2024.02.18	02:00:00	1.03380	1.03465	1.03236	1.03287	3462
2024.02.18	03:00:00	1.03287	1.03289	1.03179	1.03208	4470
2024.02.18	04:00:00	1.03208	1.03268	1.03136	1.03181	906
2024.02.18	05:00:00	1.03181	1.03245	1.03111	1.03160	1693
2024.02.18	06:00:00	1.03160	1.03167	1.03050	1.03061	3775
2024.02.18	07:00:00	1.03061	1.03098	1.02929	1.02995	3565
2024.02.18	08:00:00	1.02995	1.03023	1.02918	1.02937	2423
2024.02.18	09:00:00	1.02937	1.03159	1.02902	1.03084	1185
2024.02.18	10:00:00	1.03084	1.03234	1.03069	1.03190	2678
2024.02.18	11:00:00	1.03190	1.03231	1.03114	1.03160	1273
2024.02.18	12:00:00	1.03160	1.03249	1.03095	1.03132	2909
2024.02.18	13:00:00	1.03132	1.03161	1.03013	1.03056	4556
2024.02.18	14:00:00	1.03056	1.03059	1.02927	1.02933	1380
2024.02.18	15:00:00	1.02933	1.02950	1.02912	1.02920	1030
2024.02.18	16:00:00	1.02920	1.02958	1.02833	1.02853	3819
2024.02.18	17:00:00	1.02853	1.02936	1.02749	1.02843	609
2024.02.18	18:00:00	1.02843	1.02851	1.02730	1.02739	4925
2024.02.18	19:00:00	1.02739	1.02824	1.02685	1.02687	3987
2024.02.18	20:00:00	1.02687	1.02747	1.02640	1.02691	2315
2024.02.18	21:00:00	1.02691	1.02778	1.02677	1.02709	2131
2024.02.18	22:00:00	1.02709	1.02756	1.02668	1.02729	2240
2024.02.18	23:00:00	1.02729	1.02756	1.02576	1.02643	2284
2024.02.19	00:00:00	1.02643	1.02693	1.02625	1.02690	4277
2024.02.19	01:00:00	1.02690	1.02693	1.02594	1.02636	4099
2024.02.19	02:00:00	1.02636	1.02789	1.02573	1.02670	1420
2024.02.19	03:00:00	1.02670	1.02713	1.02633	1.02664	1309
2024.02.19	04:00:00	1.02664	1.02673	1.02538	1.02574	2932
2024.02.19	05:00:00	1.02574	1.02599	1.02527	1.02549	3426
2024.02.19	06:00:00	1.02549	1.02567	1.02524	1.02567	3772
2024.02.19	07:00:00	1.02567	1.02604	1.02556	1.02599	1910
2024.02.19	08:00:00	1.02599	1.02641	1.02550	1.02586	2671
2024.02.19	09:00:00	1.02586	1.02679	1.02564	1.02675	969
2024.02.19	10:00:00	1.02675	1.02752	1.02596	1.02732	2550
2024.02.19	11:00:00	1.02732	1.02745	1.02659	1.02711	3593
2024.02.19	12:00:00	1.02711	1.02775	1.02710	1.02752	1869
2024.02.19	13:00:00	1.02752	1.02922	1.02677	1.02866	1933
2024.02.19	14:00:00	1.02866	1.03019	1.02854	1.02982	2580
2024.02.19	15:00:00	1.02982	1.02985	1.02845	1.02901	4399
2024.02.19	16:00:00	1.02901	1.02948	1.02773	1.02839	3218
2024.02.19	17:00:00	1.02839	1.02949	1.02752	1.02925	4635
2024.02.19	18:00:00	1.02925	1.02934	1.02812	1.02855	777
2024.02.19	19:00:00	1.02855	1.02865	1.02758	1.02768	4320
2024.02.19	20:00:00	1.02768	1.02787	1.02694	1.02733	696
2024.02.19	21:00:00	1.02733	1.02791	1.02720	1.02754	1950
2024.02.19	22:00:00	1.02754	1.02801	1.02670	1.02742	2419
2024.02.19	23:00:00	1.02742	1.02808	1.02678	1.02697	1564
2024.02.20	00:00:00	1.02697	1.02706	1.02649	1.02660	4951
2024.02.20	01:00:00	1.02660	1.02719	1.02584	1.02622	4517
2024.02.20	02:00:00	1.02622	1.02662	1.02527	1.02573	3070
2024.02.20	03:00:00	1.02573	1.02734	1.02442	1.02718	2538
2024.02.20	04:00:00	1.02718	1.02795	1.02701	1.02742	3927
2024.02.20	05:00:00	1.02742	1.02817	1.02740	1.02802	3684
2024.02.20	06:00:00	1.02802	1.02831	1.02750	1.02777	2662
2024.02.20	07:00:00	1.02777	1.02799	1.02736	1.02770	4222
2024.02.20	08:00:00	1.02770	1.02788	1.02683	1.02731	1368
2024.02.20	09:00:00	1.02731	1.02753	1.02517	1.02573	1749
2024.02.20	10:00:00	1.02573	1.02602	1.02410	1.02494	579
2024.02.20	11:00:00	1.02494	1.02525	1.02331	1.02387	1035
2024.02.20	12:00:00	1.02387	1.02435	1.02203	1.02254	1394
2024.02.20	13:00:00	1.02254	1.02290	1.02180	1.02186	3311
2024.02.20	14:00:00	1.02186	1.02297	1.02166	1.02273	4349
2024.02.20	15:00:00	1.02273	1.02312	1.02256	1.02275	3155
2024.02.20	16:00:00	1.02275	1.02438	1.02274	1.02359	2504
2024.02.20	17:00:00	1.02359	1.02444	1.02351	1.02390	1715
2024.02.20	18:00:00	1.02390	1.02459	1.02353	1.02443	956
2024.02.20	19:00:00	1.02443	1.02483	1.02383	1.02393	3131
2024.02.20	20:00:00	1.02393	1.02445	1.02362	1.02430	1133
2024.02.20	21:00:00	1.02430	1.02482	1.02381	1.02480	4056
2024.02.20	22:00:00	1.02480	1.02491	1.02417	1.02450	2339
2024.02.20	23:00:00	1.02450	1.02504	1.02404	1.02489	2075
2024.02.21	00:00:00	1.02489	1.02542	1.02472	1.02529	619
2024.02.21	01:00:00	1.02529	1.02564	1.02483	1.02500	1590
2024.02.21	02:00:00	1.02500	1.02564	1.02432	1.02436	560
2024.02.21	03:00:00	1.02436	1.02458	1.02290	1.02369	3762
2024.02.21	04:00:00	1.02369	1.02461	1.02280	1.02379	2704
2024.02.21	05:00:00	1.02379	1.02430	1.02360	1.02404	4036
2024.02.21	06:00:00	1.02404	1.02414	1.02361	1.02361	3043
2024.02.21	07:00:00	1.02361	1.02403	1.02328	1.02368	4794
2024.02.21	08:00:00	1.02368	1.02421	1.02339	1.02408	4027
2024.02.21	09:00:00	1.02408	1.02480	1.02401	1.02451	1164
2024.02.21	10:00:00	1.02451	1.02559	1.02444	1.02552	1024
2024.02.21	11:00:00	1.02552	1.02669	1.02522	1.02635	4501
2024.02.21	12:00:00	1.02635	1.02663	1.02554	1.02579	1710
2024.02.21	13:00:00	1.02579	1.02719	1.02504	1.02688	3942
2024.02.21	14:00:00	1.02688	1.02720	1.02629	1.02660	3328
2024.02.21	15:00:00	1.02660	1.02772	1.02659	1.02729	3658
2024.02.21	16:00:00	1.02729	1.02744	1.02710	1.02739	1700
2024.02.21	17:00:00	1.02739	1.02868	1.02709	1.02719	1908
2024.02.21	18:00:00	1.02719	1.02761	1.02606	1.02612	2996
2024.02.21	19:00:00	1.02612	1.02625	1.02555	1.02607	599
2024.02.21	20:00:00	1.02607	1.02642	1.02387	1.02516	1902
2024.02.21	21:00:00	1.02516	1.02585	1.02467	1.02581	2783
2024.02.21	22:00:00	1.02581	1.02736	1.02558	1.02679	1420
2024.02.21	23:00:00	1.02679	1.02748	1.02610	1.02635	1785
2024.02.22	00:00:00	1.02635	1.02718	1.02608	1.02659	4925
2024.02.22	01:00:00	1.02659	1.02690	1.02582	1.02619	1804
2024.02.22	02:00:00	1.02619	1.02670	1.02535	1.02586	4560
2024.02.22	03:00:00	1.02586	1.02658	1.02583	1.02639	4672
2024.02.22	04:00:00	1.02639	1.02691	1.02606	1.02641	3532
2024.02.22	05:00:00	1.02641	1.02813	1.02577	1.02754	1188
2024.02.22	06:00:00	1.02754	1.02763	1.02700	1.02729	1425
2024.02.22	07:00:00	1.02729	1.02817	1.02706	1.02796	4704
2024.02.22	08:00:00	1.02796	1.02843	1.02794	1.02807	506
2024.02.22	09:00:00	1.02807	1.02881	1.02750	1.02861	2767
2024.02.22	10:00:00	1.02861	1.02883	1.02782	1.02839	3183
2024.02.22	11:00:00	1.02839	1.02880	1.02745	1.02841	4272
2024.02.22	12:00:00	1.02841	1.02845	1.02777	1.02839	4527
2024.02.22	13:00:00	1.02839	1.02899	1.02711	1.02793	1776
2024.02.22	14:00:00	1.02793	1.02919	1.02790	1.02839	2761
2024.02.22	15:00:00	1.02839	1.02913	1.02793	1.02884	3352
2024.02.22	16:00:00	1.02884	1.02956	1.02882	1.02926	4843
2024.02.22	17:00:00	1.02926	1.03061	1.02923	1.03026	3004
2024.02.22	18:00:00	1.03026	1.03165	1.03018	1.03121	1048
2024.02.22	19:00:00	1.03121	1.03145	1.03069	1.03102	4658
2024.02.22	20:00:00	1.03102	1.03154	1.03085	1.03131	2806
2024.02.22	21:00:00	1.03131	1.03157	1.03085	1.03097	1306
2024.02.22	22:00:00	1.03097	1.03178	1.03053	1.03104	1356
2024.02.22	23:00:00	1.03104	1.03109	1.03065	1.03072	1420
2024.02.23	00:00:00	1.03072	1.03196	1.03033	1.03177	3745
2024.02.23	01:00:00	1.03177	1.03223	1.03110	1.03205	4770
2024.02.23	02:00:00	1.03205	1.03284	1.03190	1.03197	2486
2024.02.23	03:00:00	1.03197	1.03337	1.03146	1.03276	940
2024.02.23	04:00:00	1.03276	1.03291	1.03093	1.03147	4498
2024.02.23	05:00:00	1.03147	1.03186	1.03006	1.03027	3356
2024.02.23	06:00:00	1.03027	1.03118	1.02956	1.03081	3068
2024.02.23	07:00:00	1.03081	1.03102	1.03025	1.03090	772
2024.02.23	08:00:00	1.03090	1.03126	1.03084	1.03111	4867
2024.02.23	09:00:00	1.03111	1.03149	1.03032	1.03034	846
2024.02.23	10:00:00	1.03034	1.03068	1.02993	1.03038	3246
2024.02.23	11:00:00	1.03038	1.03204	1.03007	1.03167	3187
2024.02.23	12:00:00	1.03167	1.03294	1.03167	1.03223	2812
2024.02.23	13:00:00	1.03223	1.03258	1.03196	1.03239	2981
2024.02.23	14:00:00	1.03239	1.03275	1.03209	1.03217	2290
2024.02.23	15:00:00	1.03217	1.03230	1.03130	1.03198	3078
2024.02.23	16:00:00	1.03198	1.03295	1.03005	1.03071	2137
2024.02.23	17:00:00	1.03071	1.03096	1.03026	1.03092	2631
2024.02.23	18:00:00	1.03092	1.03208	1.03078	1.03149	3551
2024.02.23	19:00:00	1.03149	1.03179	1.03057	1.03057	3840
2024.02.23	20:00:00	1.03057	1.03059	1.02979	1.03021	1190
2024.02.23	21:00:00	1.03021	1.03046	1.02918	1.02955	4964
2024.02.23	22:00:00	1.02955	1.02971	1.02878	1.02901	935
2024.02.23	23:00:00	1.02901	1.02940	1.02896	1.02909	1741
2024.02.24	00:00:00	1.02909	1.02941	1.02748	1.02786	2060
2024.02.24	01:00:00	1.02786	1.02868	1.02770	1.02829	1955
2024.02.24	02:00:00	1.02829	1.02928	1.02826	1.02880	2083
2024.02.24	03:00:00	1.02880	1.02941	1.02845	1.02870	1953
2024.02.24	04:00:00	1.02870	1.02942	1.02720	1.02722	2462
2024.02.24	05:00:00	1.02722	1.02727	1.02661	1.02666	3934
2024.02.24	06:00:00	1.02666	1.02759	1.02660	1.02747	4223
2024.02.24	07:00:00	1.02747	1.02801	1.02564	1.02581	2066
2024.02.24	08:00:00	1.02581	1.02609	1.02512	1.02565	1662
2024.02.24	09:00:00	1.02565	1.02604	1.02494	1.02497	3545
2024.02.24	10:00:00	1.02497	1.02593	1.02465	1.02552	768
2024.02.24	11:00:00	1.02552	1.02571	1.02475	1.02515	2506
2024.02.24	12:00:00	1.02515	1.02552	1.02506	1.02545	1490
2024.02.24	13:00:00	1.02545	1.02586	1.02516	1.02585	3235
2024.02.24	14:00:00	1.02585	1.02746	1.02578	1.02703	852
2024.02.24	15:00:00	1.02703	1.02734	1.02675	1.02696	4230
2024.02.24	16:00:00	1.02696	1.02778	1.02673	1.02724	1714
2024.02.24	17:00:00	1.02724	1.02802	1.02613	1.02638	2813
2024.02.24	18:00:00	1.02638	1.02727	1.02542	1.02717	3075
2024.02.24	19:00:00	1.02717	1.02744	1.02643	1.02675	2638
2024.02.24	20:00:00	1.02675	1.02736	1.02570	1.02645	2515
2024.02.24	21:00:00	1.02645	1.02675	1.02589	1.02649	1701
2024.02.24	22:00:00	1.02649	1.02683	1.02538	1.02558	3976
2024.02.24	23:00:00	1.02558	1.02578	1.02471	1.02577	2821
2024.02.25	00:00:00	1.02577	1.02707	1.02510	1.02642	1470
2024.02.25	01:00:00	1.02642	1.02746	1.02614	1.02665	1680
2024.02.25	02:00:00	1.02665	1.02698	1.02558	1.02572	2473
2024.02.25	03:00:00	1.02572	1.02594	1.02495	1.02570	4296
2024.02.25	04:00:00	1.02570	1.02643	1.02564	1.02621	4826
2024.02.25	05:00:00	1.02621	1.02636	1.02488	1.02510	2249
2024.02.25	06:00:00	1.02510	1.02526	1.02417	1.02449	2278
2024.02.25	07:00:00	1.02449	1.02521	1.02443	1.02508	1080
2024.02.25	08:00:00	1.02508	1.02598	1.02490	1.02530	2955
2024.02.25	09:00:00	1.02530	1.02605	1.02495	1.02561	1579
2024.02.25	10:00:00	1.02561	1.02723	1.02483	1.02680	4187
2024.02.25	11:00:00	1.02680	1.02746	1.02677	1.02714	2905
2024.02.25	12:00:00	1.02714	1.02796	1.02679	1.02760	1498
2024.02.25	13:00:00	1.02760	1.02945	1.02744	1.02932	4623
2024.02.25	14:00:00	1.02932	1.02978	1.02912	1.02924	4169
2024.02.25	15:00:00	1.02924	1.02932	1.02835	1.02880	1852
2024.02.25	16:00:00	1.02880	1.02920	1.02874	1.02912	1040
2024.02.25	17:00:00	1.02912	1.02949	1.02903	1.02944	1689
2024.02.25	18:00:00	1.02944	1.03025	1.02890	1.02917	2195
2024.02.25	19:00:00	1.02917	1.02920	1.02839	1.02858	2329
2024.02.25	20:00:00	1.02858	1.03033	1.02852	1.03006	4200
2024.02.25	21:00:00	1.03006	1.03079	1.02975	1.03031	4854
2024.02.25	22:00:00	1.03031	1.03089	1.02991	1.02991	3862
2024.02.25	23:00:00	1.02991	1.03073	1.02980	1.03053	4303
2024.02.26	00:00:00	1.03053	1.03054	1.03027	1.03051	1063
2024.02.26	01:00:00	1.03051	1.03074	1.02977	1.03041	1173
2024.02.26	02:00:00	1.03041	1.03093	1.03024	1.03081	4586
2024.02.26	03:00:00	1.03081	1.03120	1.02991	1.03006	3261
2024.02.26	04:00:00	1.03006	1.03066	1.03000	1.03033	1560
2024.02.26	05:00:00	1.03033	1.03157	1.02992	1.03156	4063
2024.02.26	06:00:00	1.03156	1.03225	1.03139	1.03190	1287
2024.02.26	07:00:00	1.03190	1.03268	1.03159	1.03172	3956
2024.02.26	08:00:00	1.03172	1.03175	1.03096	1.03146	4474
2024.02.26	09:00:00	1.03146	1.03163	1.03110	1.03126	2699
2024.02.26	10:00:00	1.03126	1.03131	1.03095	1.03115	3453
2024.02.26	11:00:00	1.03115	1.03135	1.03083	1.03097	3793
2024.02.26	12:00:00	1.03097	1.03164	1.03074	1.03159	4461
2024.02.26	13:00:00	1.03159	1.03236	1.02938	1.03057	3126
2024.02.26	14:00:00	1.03057	1.03128	1.03030	1.03115	1820
2024.02.26	15:00:00	1.03115	1.03127	1.03014	1.03097	1406
2024.02.26	16:00:00	1.03097	1.03205	1.03033	1.03125	2099
2024.02.26	17:00:00	1.03125	1.03147	1.03030	1.03061	752
2024.02.26	18:00:00	1.03061	1.03221	1.03007	1.03148	3643
2024.02.26	19:00:00	1.03148	1.03231	1.03121	1.03230	2162
2024.02.26	20:00:00	1.03230	1.03366	1.03179	1.03295	3702
2024.02.26	21:00:00	1.03295	1.03325	1.03177	1.03206	778
2024.02.26	22:00:00	1.03206	1.03275	1.03199	1.03263	1948
2024.02.26	23:00:00	1.03263	1.03296	1.03253	1.03293	2277
2024.02.27	00:00:00	1.03293	1.03318	1.03192	1.03199	893
2024.02.27	01:00:00	1.03199	1.03206	1.03164	1.03203	4229
2024.02.27	02:00:00	1.03203	1.03266	1.03187	1.03230	3188
2024.02.27	03:00:00	1.03230	1.03270	1.03203	1.03270	4299
2024.02.27	04:00:00	1.03270	1.03299	1.03263	1.03286	4108
2024.02.27	05:00:00	1.03286	1.03319	1.03207	1.03309	653
2024.02.27	06:00:00	1.03309	1.03446	1.03299	1.03406	4394
2024.02.27	07:00:00	1.03406	1.03536	1.03371	1.03487	812
2024.02.27	08:00:00	1.03487	1.03514	1.03293	1.03314	4420
2024.02.27	09:00:00	1.03314	1.03341	1.03289	1.03300	3514
2024.02.27	10:00:00	1.03300	1.03315	1.03291	1.03295	4187
2024.02.27	11:00:00	1.03295	1.03356	1.03156	1.03191	2749
2024.02.27	12:00:00	1.03191	1.03248	1.03163	1.03202	1220
2024.02.27	13:00:00	1.03202	1.03335	1.03192	1.03285	1172
2024.02.27	14:00:00	1.03285	1.03296	1.03195	1.03223	1034
2024.02.27	15:00:00	1.03223	1.03286	1.03207	1.03249	4124
2024.02.27	16:00:00	1.03249	1.03260	1.03195	1.03197	2901
2024.02.27	17:00:00	1.03197	1.03261	1.03149	1.03161	1474
2024.02.27	18:00:00	1.03161	1.03314	1.03054	1.03257	1061
2024.02.27	19:00:00	1.03257	1.03322	1.03167	1.03229	851
2024.02.27	20:00:00	1.03229	1.03296	1.03191	1.03263	1661
2024.02.27	21:00:00	1.03263	1.03274	1.03118	1.03152	3872
2024.02.27	22:00:00	1.03152	1.03297	1.03147	1.03273	4515
2024.02.27	23:00:00	1.03273	1.03333	1.03170	1.03315	3236
2024.02.28	00:00:00	1.03315	1.03362	1.03270	1.03309	4980
2024.02.28	01:00:00	1.03309	1.03420	1.03280	1.03350	2274
2024.02.28	02:00:00	1.03350	1.03397	1.03267	1.03268	1996
2024.02.28	03:00:00	1.03268	1.03359	1.03234	1.03346	3617
2024.02.28	04:00:00	1.03346	1.03375	1.03296	1.03331	1106
2024.02.28	05:00:00	1.03331	1.03384	1.03302	1.03324	4601
2024.02.28	06:00:00	1.03324	1.03324	1.03272	1.03298	4010
2024.02.28	07:00:00	1.03298	1.03308	1.03214	1.03268	653
2024.02.28	08:00:00	1.03268	1.03362	1.03195	1.03316	1342
2024.02.28	09:00:00	1.03316	1.03400	1.03307	1.03337	3324
2024.02.28	10:00:00	1.03337	1.03384	1.03274	1.03382	3823
2024.02.28	11:00:00	1.03382	1.03430	1.03322	1.03387	1481
2024.02.28	12:00:00	1.03387	1.03444	1.03326	1.03424	3861
2024.02.28	13:00:00	1.03424	1.03455	1.03362	1.03403	2633
2024.02.28	14:00:00	1.03403	1.03598	1.03387	1.03547	3538
2024.02.28	15:00:00	1.03547	1.03568	1.03431	1.03455	2407
2024.02.28	16:00:00	1.03455	1.03575	1.03394	1.03538	2544
2024.02.28	17:00:00	1.03538	1.03683	1.03456	1.03628	2254
2024.02.28	18:00:00	1.03628	1.03694	1.03540	1.03580	1206
2024.02.28	19:00:00	1.03580	1.03749	1.03573	1.03724	1356
2024.02.28	20:00:00	1.03724	1.03830	1.03716	1.03791	1254
2024.02.28	21:00:00	1.03791	1.03867	1.03763	1.03857	4111
2024.02.28	22:00:00	1.03857	1.03913	1.03839	1.03864	2404
2024.02.28	23:00:00	1.03864	1.03902	1.03823	1.03856	2207
2024.02.29	00:00:00	1.03856	1.03904	1.03835	1.03848	4350
2024.02.29	01:00:00	1.03848	1.03885	1.03839	1.03877	4492
2024.02.29	02:00:00	1.03877	1.03972	1.03847	1.03970	1552
2024.02.29	03:00:00	1.03970	1.04015	1.03923	1.03986	2096
2024.02.29	04:00:00	1.03986	1.04012	1.03854	1.03935	2352
2024.02.29	05:00:00	1.03935	1.04019	1.03904	1.03991	4278
2024.02.29	06:00:00	1.03991	1.04058	1.03991	1.04054	3522
2024.02.29	07:00:00	1.04054	1.04140	1.04008	1.04100	2950
2024.02.29	08:00:00	1.04100	1.04244	1.04048	1.04152	1558
2024.02.29	09:00:00	1.04152	1.04212	1.04105	1.04140	2235
2024.02.29	10:00:00	1.04140	1.04153	1.04049	1.04087	629
2024.02.29	11:00:00	1.04087	1.04131	1.04022	1.04038	3668
2024.02.29	12:00:00	1.04038	1.04079	1.03902	1.03942	4634
2024.02.29	13:00:00	1.03942	1.03999	1.03914	1.03962	4039
2024.02.29	14:00:00	1.03962	1.03989	1.03930	1.03962	1891
2024.02.29	15:00:00	1.03962	1.03985	1.03904	1.03939	2672
2024.02.29	16:00:00	1.03939	1.03942	1.03745	1.03760	4809
2024.02.29	17:00:00	1.03760	1.03773	1.03648	1.03688	2414
2024.02.29	18:00:00	1.03688	1.03782	1.03679	1.03763	4276
2024.02.29	19:00:00	1.03763	1.03763	1.03723	1.03727	3098
2024.02.29	20:00:00	1.03727	1.03808	1.03669	1.03754	2745
2024.02.29	21:00:00	1.03754	1.03783	1.03627	1.03673	3133
2024.02.29	22:00:00	1.03673	1.03770	1.03622	1.03768	1506
2024.02.29	23:00:00	1.03768	1.03814	1.03712	1.03764	2414
2024.03.01	00:00:00	1.03764	1.03815	1.03743	1.03787	1869
2024.03.01	01:00:00	1.03787	1.04001	1.03753	1.03937	3909
2024.03.01	02:00:00	1.03937	1.04038	1.03915	1.04037	3255
2024.03.01	03:00:00	1.04037	1.04089	1.03990	1.04023	2298
2024.03.01	04:00:00	1.04023	1.04030	1.03956	1.03991	4201
2024.03.01	05:00:00	1.03991	1.03999	1.03958	1.03976	2538
2024.03.01	06:00:00	1.03976	1.04048	1.03965	1.04013	4789
2024.03.01	07:00:00	1.04013	1.04084	1.03929	1.04012	3223
2024.03.01	08:00:00	1.04012	1.04053	1.03942	1.03992	4485
2024.03.01	09:00:00	1.03992	1.04118	1.03940	1.04089	4940
2024.03.01	10:00:00	1.04089	1.04112	1.04060	1.04087	1971
2024.03.01	11:00:00	1.04087	1.04310	1.04070	1.04236	1673
2024.03.01	12:00:00	1.04236	1.04298	1.04212	1.04247	4260
2024.03.01	13:00:00	1.04247	1.04389	1.04233	1.04364	1543
2024.03.01	14:00:00	1.04364	1.04428	1.04299	1.04392	3884
2024.03.01	15:00:00	1.04392	1.04480	1.04375	1.04457	1295
2024.03.01	16:00:00	1.04457	1.04464	1.04407	1.04417	4414
2024.03.01	17:00:00	1.04417	1.04460	1.04364	1.04369	3602
2024.03.01	18:00:00	1.04369	1.04408	1.04299	1.04403	2844
2024.03.01	19:00:00	1.04403	1.04509	1.04345	1.04470	2520
2024.03.01	20:00:00	1.04470	1.04497	1.04396	1.04478	3367
2024.03.01	21:00:00	1.04478	1.04510	1.04395	1.04402	2248
2024.03.01	22:00:00	1.04402	1.04461	1.04266	1.04322	2290
2024.03.01	23:00:00	1.04322	1.04337	1.04208	1.04238	1418
2024.03.02	00:00:00	1.04238	1.04275	1.04067	1.04133	1210
2024.03.02	01:00:00	1.04133	1.04157	1.04107	1.04145	4510
2024.03.02	02:00:00	1.04145	1.04240	1.04103	1.04221	3871
2024.03.02	03:00:00	1.04221	1.04244	1.04214	1.04225	2494
2024.03.02	04:00:00	1.04225	1.04240	1.04044	1.04089	4242
2024.03.02	05:00:00	1.04089	1.04100	1.04055	1.04082	3234
2024.03.02	06:00:00	1.04082	1.04125	1.04066	1.04077	3195
2024.03.02	07:00:00	1.04077	1.04249	1.04025	1.04213	1006
2024.03.02	08:00:00	1.04213	1.04239	1.04112	1.04128	2922
2024.03.02	09:00:00	1.04128	1.04163	1.04005	1.04108	985
2024.03.02	10:00:00	1.04108	1.04260	1.04077	1.04220	3577
2024.03.02	11:00:00	1.04220	1.04280	1.04210	1.04253	803
2024.03.02	12:00:00	1.04253	1.04315	1.04229	1.04294	2814
2024.03.02	13:00:00	1.04294	1.04307	1.04292	1.04306	2153
2024.03.02	14:00:00	1.04306	1.04389	1.04301	1.04332	1088
2024.03.02	15:00:00	1.04332	1.04418	1.04315	1.04386	2627
2024.03.02	16:00:00	1.04386	1.04418	1.04319	1.04341	1403
2024.03.02	17:00:00	1.04341	1.04477	1.04303	1.04401	1600
2024.03.02	18:00:00	1.04401	1.04429	1.04282	1.04320	4504
2024.03.02	19:00:00	1.04320	1.04385	1.04305	1.04346	2073
2024.03.02	20:00:00	1.04346	1.04391	1.04299	1.04362	2317
2024.03.02	21:00:00	1.04362	1.04372	1.04300	1.04329	528
2024.03.02	22:00:00	1.04329	1.04427	1.04328	1.04333	1852
2024.03.02	23:00:00	1.04333	1.04341	1.04226	1.04299	2079
2024.03.03	00:00:00	1.04299	1.04321	1.04233	1.04237	3736
2024.03.03	01:00:00	1.04237	1.04268	1.04153	1.04220	1036
2024.03.03	02:00:00	1.04220	1.04234	1.04129	1.04156	4684
2024.03.03	03:00:00	1.04156	1.04206	1.04146	1.04182	1077
2024.03.03	04:00:00	1.04182	1.04205	1.04041	1.04115	3437
2024.03.03	05:00:00	1.04115	1.04194	1.04072	1.04165	520
2024.03.03	06:00:00	1.04165	1.04196	1.04054	1.04096	4188
2024.03.03	07:00:00	1.04096	1.04116	1.03985	1.04066	3633
2024.03.03	08:00:00	1.04066	1.04155	1.04002	1.04032	4269
2024.03.03	09:00:00	1.04032	1.04164	1.03983	1.04120	4690
2024.03.03	10:00:00	1.04120	1.04176	1.04047	1.04146	4252
2024.03.03	11:00:00	1.04146	1.04149	1.04138	1.04138	3296
2024.03.03	12:00:00	1.04138	1.04212	1.04101	1.04174	4273
2024.03.03	13:00:00	1.04174	1.04195	1.04037	1.04048	932
2024.03.03	14:00:00	1.04048	1.04100	1.04041	1.04051	3403
2024.03.03	15:00:00	1.04051	1.04187	1.04049	1.04180	4953
2024.03.03	16:00:00	1.04180	1.04211	1.04136	1.04194	2197
2024.03.03	17:00:00	1.04194	1.04220	1.04182	1.04203	4890
2024.03.03	18:00:00	1.04203	1.04243	1.04161	1.04243	2779
2024.03.03	19:00:00	1.04243	1.04366	1.04178	1.04304	2607
2024.03.03	20:00:00	1.04304	1.04329	1.04173	1.04184	1850
2024.03.03	21:00:00	1.04184	1.04201	1.04066	1.04085	985
2024.03.03	22:00:00	1.04085	1.04119	1.03971	1.04103	4443
2024.03.03	23:00:00	1.04103	1.04106	1.04038	1.04063	3743
2024.03.04	00:00:00	1.04063	1.04208	1.04059	1.04151	2300
2024.03.04	01:00:00	1.04151	1.04183	1.04132	1.04136	4826
2024.03.04	02:00:00	1.04136	1.04176	1.04004	1.04021	1327
2024.03.04	03:00:00	1.04021	1.04048	1.03924	1.03947	4004
2024.03.04	04:00:00	1.03947	1.03972	1.03766	1.03780	2534
2024.03.04	05:00:00	1.03780	1.03813	1.03753	1.03771	3308
2024.03.04	06:00:00	1.03771	1.03805	1.03739	1.03765	667
2024.03.04	07:00:00	1.03765	1.03771	1.03734	1.03743	3248
2024.03.04	08:00:00	1.03743	1.03872	1.03705	1.03816	3556
2024.03.04	09:00:00	1.03816	1.03914	1.03812	1.03896	4900
2024.03.04	10:00:00	1.03896	1.03904	1.03870	1.03890	2057
2024.03.04	11:00:00	1.03890	1.03899	1.03754	1.03762	829
2024.03.04	12:00:00	1.03762	1.03807	1.03708	1.03806	777
2024.03.04	13:00:00	1.03806	1.03874	1.03797	1.03846	1173
2024.03.04	14:00:00	1.03846	1.03895	1.03784	1.03870	1847
2024.03.04	15:00:00	1.03870	1.03938	1.03829	1.03937	4238
2024.03.04	16:00:00	1.03937	1.03943	1.03788	1.03869	1378
2024.03.04	17:00:00	1.03869	1.04014	1.03862	1.04000	1153
2024.03.04	18:00:00	1.04000	1.04046	1.03881	1.03945	643
2024.03.04	19:00:00	1.03945	1.04033	1.03940	1.03997	2224
2024.03.04	20:00:00	1.03997	1.04085	1.03871	1.03897	3215
2024.03.04	21:00:00	1.03897	1.03919	1.03750	1.03844	1766
2024.03.04	22:00:00	1.03844	1.03992	1.03828	1.03944	2729
2024.03.04	23:00:00	1.03944	1.03949	1.03902	1.03933	1595
2024.03.05	00:00:00	1.03933	1.04005	1.03908	1.03990	4100
2024.03.05	01:00:00	1.03990	1.04034	1.03990	1.04010	615
2024.03.05	02:00:00	1.04010	1.04058	1.03984	1.04009	1403
2024.03.05	03:00:00	1.04009	1.04102	1.03987	1.04099	3048
2024.03.05	04:00:00	1.04099	1.04166	1.04050	1.04090	4290
2024.03.05	05:00:00	1.04090	1.04158	1.03943	1.03984	2305
2024.03.05	06:00:00	1.03984	1.04023	1.03873	1.03939	813
2024.03.05	07:00:00	1.03939	1.03992	1.03906	1.03978	2982
2024.03.05	08:00:00	1.03978	1.04049	1.03960	1.04008	1716
2024.03.05	09:00:00	1.04008	1.04037	1.03892	1.03916	1870
2024.03.05	10:00:00	1.03916	1.03922	1.03830	1.03876	4650
2024.03.05	11:00:00	1.03876	1.03898	1.03737	1.03845	4736
2024.03.05	12:00:00	1.03845	1.03870	1.03809	1.03827	1664
2024.03.05	13:00:00	1.03827	1.03834	1.03730	1.03747	3161
2024.03.05	14:00:00	1.03747	1.03753	1.03689	1.03713	2933
2024.03.05	15:00:00	1.03713	1.03723	1.03645	1.03673	4825
2024.03.05	16:00:00	1.03673	1.03746	1.03667	1.03726	4757
2024.03.05	17:00:00	1.03726	1.03805	1.03709	1.03781	2075
2024.03.05	18:00:00	1.03781	1.03835	1.03673	1.03777	614
2024.03.05	19:00:00	1.03777	1.03842	1.03753	1.03758	510
2024.03.05	20:00:00	1.03758	1.03872	1.03751	1.03772	520
2024.03.05	21:00:00	1.03772	1.03790	1.03676	1.03727	4015
2024.03.05	22:00:00	1.03727	1.03779	1.03660	1.03660	3829
2024.03.05	23:00:00	1.03660	1.03691	1.03557	1.03607	4223
2024.03.06	00:00:00	1.03607	1.03627	1.03562	1.03573	1127
2024.03.06	01:00:00	1.03573	1.03626	1.03422	1.03506	764
2024.03.06	02:00:00	1.03506	1.03569	1.03457	1.03521	1266
2024.03.06	03:00:00	1.03521	1.03576	1.03495	1.03571	3314
2024.03.06	04:00:00	1.03571	1.03579	1.03468	1.03478	540
2024.03.06	05:00:00	1.03478	1.03519	1.03441	1.03485	3474
2024.03.06	06:00:00	1.03485	1.03498	1.03398	1.03476	4500
2024.03.06	07:00:00	1.03476	1.03565	1.03467	1.03503	1155
2024.03.06	08:00:00	1.03503	1.03532	1.03484	1.03507	3824
2024.03.06	09:00:00	1.03507	1.03552	1.03384	1.03422	2986
2024.03.06	10:00:00	1.03422	1.03425	1.03322	1.03349	4748
2024.03.06	11:00:00	1.03349	1.03372	1.03323	1.03356	1594
2024.03.06	12:00:00	1.03356	1.03444	1.03294	1.03425	1521
2024.03.06	13:00:00	1.03425	1.03459	1.03278	1.03293	574
2024.03.06	14:00:00	1.03293	1.03360	1.03239	1.03319	3673
2024.03.06	15:00:00	1.03319	1.03414	1.03277	1.03398	4401
2024.03.06	16:00:00	1.03398	1.03418	1.03351	1.03394	584
2024.03.06	17:00:00	1.03394	1.03493	1.03364	1.03433	2712
2024.03.06	18:00:00	1.03433	1.03475	1.03335	1.03395	3758
2024.03.06	19:00:00	1.03395	1.03417	1.03370	1.03392	4017
2024.03.06	20:00:00	1.03392	1.03399	1.03293	1.03297	4686
2024.03.06	21:00:00	1.03297	1.03320	1.03114	1.03157	3753
2024.03.06	22:00:00	1.03157	1.03252	1.03155	1.03221	4642
2024.03.06	23:00:00	1.03221	1.03228	1.03163	1.03165	4971
2024.03.07	00:00:00	1.03165	1.03205	1.03121	1.03142	4673
2024.03.07	01:00:00	1.03142	1.03144	1.03035	1.03061	2470
2024.03.07	02:00:00	1.03061	1.03068	1.02951	1.02979	2331
2024.03.07	03:00:00	1.02979	1.03017	1.02955	1.02974	2423
2024.03.07	04:00:00	1.02974	1.02989	1.02932	1.02934	4778
2024.03.07	05:00:00	1.02934	1.02981	1.02917	1.02962	1767
2024.03.07	06:00:00	1.02962	1.03008	1.02959	1.02995	3885
2024.03.07	07:00:00	1.02995	1.03028	1.02931	1.03020	3313
2024.03.07	08:00:00	1.03020	1.03069	1.03003	1.03040	777
2024.03.07	09:00:00	1.03040	1.03154	1.03021	1.03143	2687
2024.03.07	10:00:00	1.03143	1.03156	1.03014	1.03082	1376
2024.03.07	11:00:00	1.03082	1.03151	1.03080	1.03084	3779
2024.03.07	12:00:00	1.03084	1.03213	1.03057	1.03159	2513
2024.03.07	13:00:00	1.03159	1.03268	1.03126	1.03242	2104
2024.03.07	14:00:00	1.03242	1.03258	1.03155	1.03160	795
2024.03.07	15:00:00	1.03160	1.03163	1.03107	1.03145	1088
2024.03.07	16:00:00	1.03145	1.03285	1.03116	1.03235	3938
2024.03.07	17:00:00	1.03235	1.03280	1.03190	1.03271	4380
2024.03.07	18:00:00	1.03271	1.03293	1.03232	1.03289	1810
2024.03.07	19:00:00	1.03289	1.03298	1.03217	1.03280	4226
2024.03.07	20:00:00	1.03280	1.03299	1.03255	1.03262	2984
2024.03.07	21:00:00	1.03262	1.03321	1.03209	1.03285	2079
2024.03.07	22:00:00	1.03285	1.03312	1.03248	1.03274	2531
2024.03.07	23:00:00	1.03274	1.03304	1.03243	1.03277	3606
2024.03.08	00:00:00	1.03277	1.03345	1.03214	1.03287	4590
2024.03.08	01:00:00	1.03287	1.03318	1.03199	1.03250	2715
2024.03.08	02:00:00	1.03250	1.03304	1.03172	1.03288	2059
2024.03.08	03:00:00	1.03288	1.03478	1.03263	1.03474	3924
2024.03.08	04:00:00	1.03474	1.03478	1.03360	1.03369	2862
2024.03.08	05:00:00	1.03369	1.03395	1.03313	1.03394	2255
2024.03.08	06:00:00	1.03394	1.03413	1.03340	1.03352	2568
2024.03.08	07:00:00	1.03352	1.03495	1.03330	1.03393	2910
2024.03.08	08:00:00	1.03393	1.03409	1.03385	1.03401	1131
2024.03.08	09:00:00	1.03401	1.03480	1.03399	1.03454	760
2024.03.08	10:00:00	1.03454	1.03599	1.03435	1.03532	3491
2024.03.08	11:00:00	1.03532	1.03568	1.03528	1.03549	1287
2024.03.08	12:00:00	1.03549	1.03674	1.03512	1.03624	2892
2024.03.08	13:00:00	1.03624	1.03641	1.03375	1.03484	4017
2024.03.08	14:00:00	1.03484	1.03764	1.03476	1.03588	1467
2024.03.08	15:00:00	1.03588	1.03643	1.03540	1.03616	2217
2024.03.08	16:00:00	1.03616	1.03765	1.03542	1.03689	4902
2024.03.08	17:00:00	1.03689	1.03768	1.03589	1.03618	657
2024.03.08	18:00:00	1.03618	1.03679	1.03504	1.03572	3900
2024.03.08	19:00:00	1.03572	1.03697	1.03565	1.03586	1254
2024.03.08	20:00:00	1.03586	1.03627	1.03586	1.03590	4575
2024.03.08	21:00:00	1.03590	1.03613	1.03569	1.03613	2352
2024.03.08	22:00:00	1.03613	1.03779	1.03613	1.03685	530
2024.03.08	23:00:00	1.03685	1.03703	1.03549	1.03581	3730
2024.03.09	00:00:00	1.03581	1.03692	1.03560	1.03646	1162
2024.03.09	01:00:00	1.03646	1.03667	1.03602	1.03652	2135
2024.03.09	02:00:00	1.03652	1.03676	1.03624	1.03645	2760
2024.03.09	03:00:00	1.03645	1.03661	1.03558	1.03558	3853
2024.03.09	04:00:00	1.03558	1.03669	1.03544	1.03595	2385
2024.03.09	05:00:00	1.03595	1.03622	1.03427	1.03450	4361
2024.03.09	06:00:00	1.03450	1.03565	1.03430	1.03495	2667
2024.03.09	07:00:00	1.03495	1.03541	1.03377	1.03408	2035
2024.03.09	08:00:00	1.03408	1.03496	1.03363	1.03417	2016
2024.03.09	09:00:00	1.03417	1.03477	1.03363	1.03414	4101
2024.03.09	10:00:00	1.03414	1.03526	1.03376	1.03492	3491
2024.03.09	11:00:00	1.03492	1.03556	1.03431	1.03486	1070
2024.03.09	12:00:00	1.03486	1.03488	1.03426	1.03448	3876
2024.03.09	13:00:00	1.03448	1.03464	1.03357	1.03422	2368
2024.03.09	14:00:00	1.03422	1.03563	1.03357	1.03506	2069
2024.03.09	15:00:00	1.03506	1.03576	1.03477	1.03545	939
2024.03.09	16:00:00	1.03545	1.03569	1.03498	1.03526	4991
2024.03.09	17:00:00	1.03526	1.03548	1.03426	1.03516	736
2024.03.09	18:00:00	1.03516	1.03523	1.03331	1.03424	4984
2024.03.09	19:00:00	1.03424	1.03531	1.03406	1.03454	790
2024.03.09	20:00:00	1.03454	1.03467	1.03316	1.03349	2774
2024.03.09	21:00:00	1.03349	1.03402	1.03336	1.03401	971
2024.03.09	22:00:00	1.03401	1.03421	1.03352	1.03414	2717
2024.03.09	23:00:00	1.03414	1.03583	1.03413	1.03568	4260
2024.03.10	00:00:00	1.03568	1.03578	1.03499	1.03505	3155
2024.03.10	01:00:00	1.03505	1.03515	1.03492	1.03503	2946
2024.03.10	02:00:00	1.03503	1.03632	1.03483	1.03620	1035
2024.03.10	03:00:00	1.03620	1.03740	1.03599	1.03700	4763
2024.03.10	04:00:00	1.03700	1.03703	1.03651	1.03662	2189
2024.03.10	05:00:00	1.03662	1.03693	1.03631	1.03681	2921
2024.03.10	06:00:00	1.03681	1.03693	1.03643	1.03686	4539
2024.03.10	07:00:00	1.03686	1.03735	1.03660	1.03709	3329
2024.03.10	08:00:00	1.03709	1.03730	1.03626	1.03670	3807
2024.03.10	09:00:00	1.03670	1.03693	1.03625	1.03670	1330
2024.03.10	10:00:00	1.03670	1.03685	1.03508	1.03576	2570
2024.03.10	11:00:00	1.03576	1.03591	1.03576	1.03589	2932
2024.03.10	12:00:00	1.03589	1.03635	1.03473	1.03623	1290
2024.03.10	13:00:00	1.03623	1.03636	1.03563	1.03614	2233
2024.03.10	14:00:00	1.03614	1.03634	1.03496	1.03518	4241
2024.03.10	15:00:00	1.03518	1.03651	1.03501	1.03585	4691
2024.03.10	16:00:00	1.03585	1.03628	1.03556	1.03613	4205
2024.03.10	17:00:00	1.03613	1.03622	1.03518	1.03573	4702
2024.03.10	18:00:00	1.03573	1.03607	1.03506	1.03561	4993
2024.03.10	19:00:00	1.03561	1.03582	1.03466	1.03473	1393
2024.03.10	20:00:00	1.03473	1.03548	1.03411	1.03414	4349
2024.03.10	21:00:00	1.03414	1.03429	1.03385	1.03386	3290
2024.03.10	22:00:00	1.03386	1.03502	1.03340	1.03467	4365
2024.03.10	23:00:00	1.03467	1.03507	1.03403	1.03433	3371
2024.03.11	00:00:00	1.03433	1.03547	1.03365	1.03478	1062
2024.03.11	01:00:00	1.03478	1.03539	1.03437	1.03450	3031
2024.03.11	02:00:00	1.03450	1.03525	1.03368	1.03470	3921
2024.03.11	03:00:00	1.03470	1.03494	1.03454	1.03466	1059
2024.03.11	04:00:00	1.03466	1.03562	1.03419	1.03526	2770
2024.03.11	05:00:00	1.03526	1.03598	1.03475	1.03498	3443
2024.03.11	06:00:00	1.03498	1.03512	1.03364	1.03405	2589
2024.03.11	07:00:00	1.03405	1.03416	1.03300	1.03325	4095
2024.03.11	08:00:00	1.03325	1.03382	1.03201	1.03297	1071
2024.03.11	09:00:00	1.03297	1.03323	1.03201	1.03225	2053
2024.03.11	10:00:00	1.03225	1.03343	1.03209	1.03255	4780
2024.03.11	11:00:00	1.03255	1.03265	1.03214	1.03232	2815
2024.03.11	12:00:00	1.03232	1.03400	1.03193	1.03384	1314
2024.03.11	13:00:00	1.03384	1.03409	1.03279	1.03282	1023
2024.03.11	14:00:00	1.03282	1.03373	1.03213	1.03299	3169
2024.03.11	15:00:00	1.03299	1.03310	1.03213	1.03235	4688
2024.03.11	16:00:00	1.03235	1.03280	1.03153	1.03209	721
2024.03.11	17:00:00	1.03209	1.03247	1.03185	1.03223	992
2024.03.11	18:00:00	1.03223	1.03224	1.03083	1.03084	2188
2024.03.11	19:00:00	1.03084	1.03144	1.03063	1.03104	1437
2024.03.11	20:00:00	1.03104	1.03236	1.03094	1.03227	1044
2024.03.11	21:00:00	1.03227	1.03268	1.03190	1.03204	1843
2024.03.11	22:00:00	1.03204	1.03243	1.03196	1.03225	3392
2024.03.11	23:00:00	1.03225	1.03301	1.03197	1.03294	4216
2024.03.12	00:00:00	1.03294	1.03326	1.03276	1.03289	1878
2024.03.12	01:00:00	1.03289	1.03324	1.03191	1.03258	3652
2024.03.12	02:00:00	1.03258	1.03384	1.03089	1.03123	4204
2024.03.12	03:00:00	1.03123	1.03183	1.03073	1.03167	531
2024.03.12	04:00:00	1.03167	1.03270	1.03157	1.03165	4337
2024.03.12	05:00:00	1.03165	1.03226	1.03082	1.03108	1326
2024.03.12	06:00:00	1.03108	1.03131	1.03074	1.03121	3582
2024.03.12	07:00:00	1.03121	1.03121	1.03019	1.03090	3875
2024.03.12	08:00:00	1.03090	1.03109	1.03059	1.03062	4303
2024.03.12	09:00:00	1.03062	1.03147	1.03044	1.03105	2317
2024.03.12	10:00:00	1.03105	1.03124	1.03025	1.03028	3467
2024.03.12	11:00:00	1.03028	1.03104	1.02974	1.03097	617
2024.03.12	12:00:00	1.03097	1.03129	1.02983	1.03016	2511
2024.03.12	13:00:00	1.03016	1.03017	1.02898	1.02980	4837
2024.03.12	14:00:00	1.02980	1.03232	1.02948	1.03104	1213
2024.03.12	15:00:00	1.03104	1.03185	1.03083	1.03179	1180
2024.03.12	16:00:00	1.03179	1.03198	1.03109	1.03191	3650
2024.03.12	17:00:00	1.03191	1.03259	1.03131	1.03137	2797
2024.03.12	18:00:00	1.03137	1.03159	1.03061	1.03110	2547
2024.03.12	19:00:00	1.03110	1.03165	1.03059	1.03120	1617
2024.03.12	20:00:00	1.03120	1.03180	1.03026	1.03127	1270
2024.03.12	21:00:00	1.03127	1.03213	1.03093	1.03127	3818
2024.03.12	22:00:00	1.03127	1.03131	1.03123	1.03130	2109
2024.03.12	23:00:00	1.03130	1.03185	1.03073	1.03122	3995
2024.03.13	00:00:00	1.03122	1.03123	1.03036	1.03038	2495
2024.03.13	01:00:00	1.03038	1.03051	1.03006	1.03011	2287
2024.03.13	02:00:00	1.03011	1.03147	1.02951	1.03073	1535
2024.03.13	03:00:00	1.03073	1.03091	1.02880	1.02993	3463
2024.03.13	04:00:00	1.02993	1.03020	1.02967	1.02987	1780
2024.03.13	05:00:00	1.02987	1.03058	1.02921	1.02941	4590
2024.03.13	06:00:00	1.02941	1.02999	1.02902	1.02953	2337
2024.03.13	07:00:00	1.02953	1.02984	1.02862	1.02934	4166
2024.03.13	08:00:00	1.02934	1.03076	1.02889	1.03031	2614
2024.03.13	09:00:00	1.03031	1.03091	1.02983	1.03067	2367
2024.03.13	10:00:00	1.03067	1.03093	1.02983	1.02991	2539
2024.03.13	11:00:00	1.02991	1.03059	1.02916	1.03038	2486
2024.03.13	12:00:00	1.03038	1.03073	1.02959	1.02995	2655
2024.03.13	13:00:00	1.02995	1.03068	1.02899	1.02965	4490
2024.03.13	14:00:00	1.02965	1.03049	1.02933	1.02989	3663
2024.03.13	15:00:00	1.02989	1.03019	1.02964	1.02964	654
2024.03.13	16:00:00	1.02964	1.03029	1.02946	1.03024	762
2024.03.13	17:00:00	1.03024	1.03040	1.02971	1.02982	602
2024.03.13	18:00:00	1.02982	1.02995	1.02888	1.02948	3609
2024.03.13	19:00:00	1.02948	1.02993	1.02884	1.02913	1426
2024.03.13	20:00:00	1.02913	1.02959	1.02858	1.02883	2233
2024.03.13	21:00:00	1.02883	1.02991	1.02834	1.02956	4224
2024.03.13	22:00:00	1.02956	1.03010	1.02888	1.03000	1093
2024.03.13	23:00:00	1.03000	1.03145	1.02968	1.03111	1189
2024.03.14	00:00:00	1.03111	1.03264	1.03042	1.03257	857
2024.03.14	01:00:00	1.03257	1.03270	1.03117	1.03198	1783
2024.03.14	02:00:00	1.03198	1.03344	1.03178	1.03208	903
2024.03.14	03:00:00	1.03208	1.03304	1.03099	1.03140	3330
2024.03.14	04:00:00	1.03140	1.03163	1.02974	1.03097	3815
2024.03.14	05:00:00	1.03097	1.03121	1.03055	1.03063	1329
2024.03.14	06:00:00	1.03063	1.03140	1.02959	1.03003	2859
2024.03.14	07:00:00	1.03003	1.03017	1.02906	1.02943	1864
2024.03.14	08:00:00	1.02943	1.02948	1.02891	1.02939	861
2024.03.14	09:00:00	1.02939	1.02959	1.02858	1.02869	2601
2024.03.14	10:00:00	1.02869	1.02993	1.02768	1.02927	3637
2024.03.14	11:00:00	1.02927	1.02931	1.02859	1.02875	1526
2024.03.14	12:00:00	1.02875	1.03060	1.02800	1.03054	4046
2024.03.14	13:00:00	1.03054	1.03102	1.02986	1.03031	4965
2024.03.14	14:00:00	1.03031	1.03064	1.02984	1.03041	753
2024.03.14	15:00:00	1.03041	1.03043	1.02947	1.02966	1235
2024.03.14	16:00:00	1.02966	1.03121	1.02945	1.03076	1802
2024.03.14	17:00:00	1.03076	1.03252	1.03068	1.03151	4324
2024.03.14	18:00:00	1.03151	1.03187	1.03141	1.03174	1139
2024.03.14	19:00:00	1.03174	1.03179	1.03050	1.03096	2615
2024.03.14	20:00:00	1.03096	1.03121	1.03071	1.03114	2918
2024.03.14	21:00:00	1.03114	1.03167	1.02984	1.03050	1081
2024.03.14	22:00:00	1.03050	1.03170	1.02977	1.03146	689
2024.03.14	23:00:00	1.03146	1.03212	1.03141	1.03201	1033
2024.03.15	00:00:00	1.03201	1.03273	1.03192	1.03212	752
2024.03.15	01:00:00	1.03212	1.03259	1.03055	1.03066	2751
2024.03.15	02:00:00	1.03066	1.03087	1.02985	1.03011	4714
2024.03.15	03:00:00	1.03011	1.03061	1.02935	1.03058	2090
2024.03.15	04:00:00	1.03058	1.03209	1.03052	1.03139	1655
2024.03.15	05:00:00	1.03139	1.03234	1.03129	1.03212	1555
2024.03.15	06:00:00	1.03212	1.03249	1.03111	1.03119	4916
2024.03.15	07:00:00	1.03119	1.03172	1.03079	1.03143	4815
2024.03.15	08:00:00	1.03143	1.03266	1.03120	1.03211	3418
2024.03.15	09:00:00	1.03211	1.03256	1.03096	1.03113	2585
2024.03.15	10:00:00	1.03113	1.03119	1.03084	1.03118	1219
2024.03.15	11:00:00	1.03118	1.03158	1.03045	1.03140	4679
2024.03.15	12:00:00	1.03140	1.03185	1.03055	1.03127	506
2024.03.15	13:00:00	1.03127	1.03166	1.03014	1.03017	1237
2024.03.15	14:00:00	1.03017	1.03033	1.02994	1.03002	3553
2024.03.15	15:00:00	1.03002	1.03093	1.02964	1.02987	1325
2024.03.15	16:00:00	1.02987	1.02995	1.02982	1.02983	987
2024.03.15	17:00:00	1.02983	1.03014	1.02930	1.02954	3182
2024.03.15	18:00:00	1.02954	1.02970	1.02882	1.02931	618
2024.03.15	19:00:00	1.02931	1.02953	1.02931	1.02934	1714
2024.03.15	20:00:00	1.02934	1.03022	1.02880	1.02967	3392
2024.03.15	21:00:00	1.02967	1.02995	1.02937	1.02953	1332
2024.03.15	22:00:00	1.02953	1.02998	1.02858	1.02933	3916
2024.03.15	23:00:00	1.02933	1.02956	1.02919	1.02944	926
2024.03.16	00:00:00	1.02944	1.02959	1.02771	1.02830	3259
2024.03.16	01:00:00	1.02830	1.02903	1.02815	1.02865	843
2024.03.16	02:00:00	1.02865	1.02876	1.02829	1.02870	3793
2024.03.16	03:00:00	1.02870	1.02900	1.02861	1.02877	3889
2024.03.16	04:00:00	1.02877	1.02982	1.02812	1.02942	4076
2024.03.16	05:00:00	1.02942	1.03018	1.02800	1.02826	1769
2024.03.16	06:00:00	1.02826	1.02845	1.02650	1.02710	1563
2024.03.16	07:00:00	1.02710	1.02755	1.02642	1.02732	4902
2024.03.16	08:00:00	1.02732	1.02772	1.02727	1.02737	3782
2024.03.16	09:00:00	1.02737	1.02783	1.02714	1.02752	1324
2024.03.16	10:00:00	1.02752	1.02769	1.02711	1.02729	631
2024.03.16	11:00:00	1.02729	1.02786	1.02705	1.02775	2095
2024.03.16	12:00:00	1.02775	1.02848	1.02775	1.02838	3493
2024.03.16	13:00:00	1.02838	1.02890	1.02827	1.02873	2187
2024.03.16	14:00:00	1.02873	1.02886	1.02819	1.02862	4134
2024.03.16	15:00:00	1.02862	1.02877	1.02719	1.02737	2750
2024.03.16	16:00:00	1.02737	1.02843	1.02684	1.02789	4960
2024.03.16	17:00:00	1.02789	1.02876	1.02756	1.02870	4417
2024.03.16	18:00:00	1.02870	1.02923	1.02866	1.02915	2620
2024.03.16	19:00:00	1.02915	1.02990	1.02861	1.02866	4256
2024.03.16	20:00:00	1.02866	1.02933	1.02743	1.02912	2516
2024.03.16	21:00:00	1.02912	1.03009	1.02859	1.02971	544
2024.03.16	22:00:00	1.02971	1.03173	1.02966	1.03072	1886
2024.03.16	23:00:00	1.03072	1.03088	1.02966	1.03023	2341
2024.03.17	00:00:00	1.03023	1.03045	1.02999	1.03014	4894
2024.03.17	01:00:00	1.03014	1.03110	1.03001	1.03066	4225
2024.03.17	02:00:00	1.03066	1.03083	1.03032	1.03074	1159
2024.03.17	03:00:00	1.03074	1.03083	1.02993	1.03011	500
2024.03.17	04:00:00	1.03011	1.03074	1.03003	1.03041	2879
2024.03.17	05:00:00	1.03041	1.03089	1.03024	1.03082	2901
2024.03.17	06:00:00	1.03082	1.03172	1.03026	1.03093	3809
2024.03.17	07:00:00	1.03093	1.03149	1.03067	1.03112	1667
2024.03.17	08:00:00	1.03112	1.03142	1.03085	1.03101	4154
2024.03.17	09:00:00	1.03101	1.03199	1.03098	1.03197	2357
2024.03.17	10:00:00	1.03197	1.03254	1.03124	1.03147	2005
2024.03.17	11:00:00	1.03147	1.03170	1.03106	1.03116	2391
2024.03.17	12:00:00	1.03116	1.03133	1.03105	1.03121	4750
2024.03.17	13:00:00	1.03121	1.03181	1.03053	1.03181	2262
2024.03.17	14:00:00	1.03181	1.03200	1.03072	1.03093	3022
2024.03.17	15:00:00	1.03093	1.03151	1.02990	1.03018	4513
2024.03.17	16:00:00	1.03018	1.03047	1.02867	1.02897	582
2024.03.17	17:00:00	1.02897	1.02943	1.02844	1.02904	2914
2024.03.17	18:00:00	1.02904	1.02962	1.02833	1.02840	3687
2024.03.17	19:00:00	1.02840	1.02863	1.02781	1.02822	4566
2024.03.17	20:00:00	1.02822	1.02869	1.02821	1.02868	776
2024.03.17	21:00:00	1.02868	1.02908	1.02819	1.02833	3770
2024.03.17	22:00:00	1.02833	1.02895	1.02820	1.02852	4111
2024.03.17	23:00:00	1.02852	1.02878	1.02817	1.02839	2080
2024.03.18	00:00:00	1.02839	1.02944	1.02817	1.02886	3857
2024.03.18	01:00:00	1.02886	1.02954	1.02866	1.02920	2721
2024.03.18	02:00:00	1.02920	1.02931	1.02869	1.02883	3461
2024.03.18	03:00:00	1.02883	1.02914	1.02811	1.02877	2254
2024.03.18	04:00:00	1.02877	1.02948	1.02859	1.02947	1297
2024.03.18	05:00:00	1.02947	1.03022	1.02916	1.02976	4228
2024.03.18	06:00:00	1.02976	1.03029	1.02887	1.02895	1474
2024.03.18	07:00:00	1.02895	1.02989	1.02889	1.02941	1344
2024.03.18	08:00:00	1.02941	1.02989	1.02804	1.02879	4487
2024.03.18	09:00:00	1.02879	1.03013	1.02876	1.02972	4713
2024.03.18	10:00:00	1.02972	1.03059	1.02951	1.03040	3241
2024.03.18	11:00:00	1.03040	1.03087	1.03014	1.03063	3111
2024.03.18	12:00:00	1.03063	1.03144	1.03058	1.03078	2123
2024.03.18	13:00:00	1.03078	1.03089	1.02991	1.03070	3252
2024.03.18	14:00:00	1.03070	1.03170	1.03019	1.03117	3241
2024.03.18	15:00:00	1.03117	1.03136	1.03083	1.03099	2825
2024.03.18	16:00:00	1.03099	1.03200	1.03051	1.03119	3448
2024.03.18	17:00:00	1.03119	1.03185	1.03088	1.03178	2995
2024.03.18	18:00:00	1.03178	1.03276	1.03139	1.03149	4456
2024.03.18	19:00:00	1.03149	1.03156	1.03089	1.03116	3504
2024.03.18	20:00:00	1.03116	1.03117	1.03028	1.03047	2233
2024.03.18	21:00:00	1.03047	1.03098	1.02953	1.02986	3447
2024.03.18	22:00:00	1.02986	1.03031	1.02807	1.02879	1535
2024.03.18	23:00:00	1.02879	1.02949	1.02837	1.02929	1463
2024.03.19	00:00:00	1.02929	1.03072	1.02846	1.03046	4220
2024.03.19	01:00:00	1.03046	1.03190	1.03010	1.03139	3120
2024.03.19	02:00:00	1.03139	1.03185	1.02983	1.03044	741
2024.03.19	03:00:00	1.03044	1.03139	1.02961	1.03094	2095
2024.03.19	04:00:00	1.03094	1.03201	1.03084	1.03187	4929
2024.03.19	05:00:00	1.03187	1.03189	1.03138	1.03164	3366
2024.03.19	06:00:00	1.03164	1.03177	1.03155	1.03175	4408
2024.03.19	07:00:00	1.03175	1.03206	1.03037	1.03056	2965
2024.03.19	08:00:00	1.03056	1.03140	1.02994	1.03078	691
2024.03.19	09:00:00	1.03078	1.03092	1.02994	1.03017	1308
2024.03.19	10:00:00	1.03017	1.03114	1.02960	1.03035	914
2024.03.19	11:00:00	1.03035	1.03070	1.02901	1.02943	3806
2024.03.19	12:00:00	1.02943	1.02991	1.02913	1.02982	3904
2024.03.19	13:00:00	1.02982	1.03084	1.02981	1.03050	2556
2024.03.19	14:00:00	1.03050	1.03119	1.02996	1.03007	3759
2024.03.19	15:00:00	1.03007	1.03087	1.02917	1.02942	2981
2024.03.19	16:00:00	1.02942	1.02990	1.02811	1.02814	3829
2024.03.19	17:00:00	1.02814	1.02815	1.02778	1.02803	3526
2024.03.19	18:00:00	1.02803	1.02811	1.02694	1.02772	2550
2024.03.19	19:00:00	1.02772	1.02795	1.02677	1.02682	3437
2024.03.19	20:00:00	1.02682	1.02782	1.02680	1.02715	1933
2024.03.19	21:00:00	1.02715	1.02732	1.02631	1.02692	3870
2024.03.19	22:00:00	1.02692	1.02710	1.02609	1.02631	4611
2024.03.19	23:00:00	1.02631	1.02633	1.02549	1.02602	1430
2024.03.20	00:00:00	1.02602	1.02686	1.02592	1.02673	3501
2024.03.20	01:00:00	1.02673	1.02722	1.02630	1.02715	996
2024.03.20	02:00:00	1.02715	1.02721	1.02698	1.02712	2198
2024.03.20	03:00:00	1.02712	1.02824	1.02709	1.02756	3511
2024.03.20	04:00:00	1.02756	1.02765	1.02631	1.02689	1748
2024.03.20	05:00:00	1.02689	1.02699	1.02687	1.02696	1561
2024.03.20	06:00:00	1.02696	1.02745	1.02647	1.02711	2227
2024.03.20	07:00:00	1.02711	1.02739	1.02637	1.02687	1015
2024.03.20	08:00:00	1.02687	1.02773	1.02677	1.02719	3314
2024.03.20	09:00:00	1.02719	1.02784	1.02660	1.02676	1090
2024.03.20	10:00:00	1.02676	1.02721	1.02648	1.02712	1999
2024.03.20	11:00:00	1.02712	1.02775	1.02702	1.02752	1907
2024.03.20	12:00:00	1.02752	1.02758	1.02559	1.02577	4855
2024.03.20	13:00:00	1.02577	1.02677	1.02560	1.02655	4963
2024.03.20	14:00:00	1.02655	1.02668	1.02434	1.02473	856
2024.03.20	15:00:00	1.02473	1.02475	1.02374	1.02440	1207
2024.03.20	16:00:00	1.02440	1.02514	1.02430	1.02508	3794
2024.03.20	17:00:00	1.02508	1.02526	1.02474	1.02494	1843
2024.03.20	18:00:00	1.02494	1.02506	1.02335	1.02409	3398
2024.03.20	19:00:00	1.02409	1.02419	1.02272	1.02347	4643
2024.03.20	20:00:00	1.02347	1.02483	1.02267	1.02415	1232
2024.03.20	21:00:00	1.02415	1.02524	1.02265	1.02302	4834
2024.03.20	22:00:00	1.02302	1.02425	1.02279	1.02377	736
2024.03.20	23:00:00	1.02377	1.02429	1.02342	1.02378	1529
2024.03.21	00:00:00	1.02378	1.02417	1.02280	1.02310	2784
2024.03.21	01:00:00	1.02310	1.02314	1.02265	1.02280	4462
2024.03.21	02:00:00	1.02280	1.02315	1.02171	1.02222	2992
2024.03.21	03:00:00	1.02222	1.02304	1.02222	1.02281	1125
2024.03.21	04:00:00	1.02281	1.02338	1.02276	1.02331	1620
2024.03.21	05:00:00	1.02331	1.02352	1.02169	1.02230	3926
2024.03.21	06:00:00	1.02230	1.02258	1.02185	1.02211	3027
2024.03.21	07:00:00	1.02211	1.02220	1.02152	1.02163	558
2024.03.21	08:00:00	1.02163	1.02248	1.02144	1.02247	2757
2024.03.21	09:00:00	1.02247	1.02311	1.02160	1.02170	2329
2024.03.21	10:00:00	1.02170	1.02320	1.02162	1.02273	502
2024.03.21	11:00:00	1.02273	1.02321	1.02271	1.02276	1613
2024.03.21	12:00:00	1.02276	1.02307	1.02179	1.02210	4709
2024.03.21	13:00:00	1.02210	1.02220	1.02166	1.02174	3668
2024.03.21	14:00:00	1.02174	1.02198	1.02071	1.02130	818
2024.03.21	15:00:00	1.02130	1.02203	1.02034	1.02057	572
2024.03.21	16:00:00	1.02057	1.02127	1.02024	1.02068	2056
2024.03.21	17:00:00	1.02068	1.02094	1.01944	1.01997	2592
2024.03.21	18:00:00	1.01997	1.02109	1.01828	1.01869	2540
2024.03.21	19:00:00	1.01869	1.01918	1.01840	1.01851	3635
2024.03.21	20:00:00	1.01851	1.01924	1.01742	1.01746	1280
2024.03.21	21:00:00	1.01746	1.01780	1.01620	1.01705	710
2024.03.21	22:00:00	1.01705	1.01741	1.01639	1.01655	3527
2024.03.21	23:00:00	1.01655	1.01697	1.01560	1.01607	4538
2024.03.22	00:00:00	1.01607	1.01862	1.01589	1.01734	1254
2024.03.22	01:00:00	1.01734	1.01833	1.01727	1.01742	2125
2024.03.22	02:00:00	1.01742	1.01790	1.01701	1.01763	3319
2024.03.22	03:00:00	1.01763	1.01835	1.01627	1.01659	1243
2024.03.22	04:00:00	1.01659	1.01676	1.01584	1.01624	4369
2024.03.22	05:00:00	1.01624	1.01651	1.01514	1.01643	1514
2024.03.22	06:00:00	1.01643	1.01648	1.01516	1.01585	2896
2024.03.22	07:00:00	1.01585	1.01682	1.01560	1.01646	2025
2024.03.22	08:00:00	1.01646	1.01677	1.01479	1.01577	3503
2024.03.22	09:00:00	1.01577	1.01635	1.01534	1.01565	1392
2024.03.22	10:00:00	1.01565	1.01615	1.01464	1.01534	942
2024.03.22	11:00:00	1.01534	1.01566	1.01534	1.01550	2797
2024.03.22	12:00:00	1.01550	1.01606	1.01505	1.01516	4393
2024.03.22	13:00:00	1.01516	1.01579	1.01478	1.01504	3348
2024.03.22	14:00:00	1.01504	1.01507	1.01452	1.01495	3900
2024.03.22	15:00:00	1.01495	1.01571	1.01452	1.01455	2450
2024.03.22	16:00:00	1.01455	1.01539	1.01446	1.01490	1130
2024.03.22	17:00:00	1.01490	1.01541	1.01469	1.01509	2421
2024.03.22	18:00:00	1.01509	1.01513	1.01499	1.01509	4943
2024.03.22	19:00:00	1.01509	1.01514	1.01474	1.01488	4017
2024.03.22	20:00:00	1.01488	1.01603	1.01446	1.01542	3665
2024.03.22	21:00:00	1.01542	1.01559	1.01482	1.01532	1854
2024.03.22	22:00:00	1.01532	1.01539	1.01475	1.01519	3198
2024.03.22	23:00:00	1.01519	1.01538	1.01512	1.01530	3302
2024.03.23	00:00:00	1.01530	1.01641	1.01445	1.01639	3443
2024.03.23	01:00:00	1.01639	1.01691	1.01556	1.01562	4518
2024.03.23	02:00:00	1.01562	1.01614	1.01532	1.01614	3567
2024.03.23	03:00:00	1.01614	1.01630	1.01499	1.01504	1496
2024.03.23	04:00:00	1.01504	1.01545	1.01477	1.01522	1497
2024.03.23	05:00:00	1.01522	1.01645	1.01521	1.01623	3289
2024.03.23	06:00:00	1.01623	1.01714	1.01582	1.01658	4397
2024.03.23	07:00:00	1.01658	1.01703	1.01607	1.01673	4765
2024.03.23	08:00:00	1.01673	1.01733	1.01595	1.01644	3243
2024.03.23	09:00:00	1.01644	1.01660	1.01606	1.01651	2884
2024.03.23	10:00:00	1.01651	1.01679	1.01641	1.01641	4172
2024.03.23	11:00:00	1.01641	1.01740	1.01560	1.01598	4896
2024.03.23	12:00:00	1.01598	1.01621	1.01549	1.01586	625
2024.03.23	13:00:00	1.01586	1.01609	1.01554	1.01603	1895
2024.03.23	14:00:00	1.01603	1.01622	1.01549	1.01561	2002
2024.03.23	15:00:00	1.01561	1.01568	1.01488	1.01517	3039
2024.03.23	16:00:00	1.01517	1.01537	1.01384	1.01439	1826
2024.03.23	17:00:00	1.01439	1.01553	1.01422	1.01468	1899
2024.03.23	18:00:00	1.01468	1.01543	1.01395	1.01506	609
2024.03.23	19:00:00	1.01506	1.01535	1.01485	1.01526	516
2024.03.23	20:00:00	1.01526	1.01602	1.01498	1.01590	2524
2024.03.23	21:00:00	1.01590	1.01639	1.01564	1.01600	4987
2024.03.23	22:00:00	1.01600	1.01688	1.01535	1.01629	1830
2024.03.23	23:00:00	1.01629	1.01661	1.01626	1.01653	1580
2024.03.24	00:00:00	1.01653	1.01717	1.01649	1.01652	1689
2024.03.24	01:00:00	1.01652	1.01660	1.01580	1.01625	4878
2024.03.24	02:00:00	1.01625	1.01820	1.01617	1.01765	3487
2024.03.24	03:00:00	1.01765	1.01774	1.01735	1.01742	3438
2024.03.24	04:00:00	1.01742	1.01745	1.01671	1.01707	1352
2024.03.24	05:00:00	1.01707	1.01773	1.01648	1.01738	4567
2024.03.24	06:00:00	1.01738	1.01783	1.01727	1.01759	1385
2024.03.24	07:00:00	1.01759	1.01878	1.01645	1.01678	4852
2024.03.24	08:00:00	1.01678	1.01772	1.01676	1.01750	4786
2024.03.24	09:00:00	1.01750	1.01790	1.01688	1.01747	3055
2024.03.24	10:00:00	1.01747	1.01804	1.01619	1.01682	4406
2024.03.24	11:00:00	1.01682	1.01766	1.01615	1.01758	4998
2024.03.24	12:00:00	1.01758	1.01816	1.01727	1.01799	3111
2024.03.24	13:00:00	1.01799	1.01865	1.01690	1.01725	3952
2024.03.24	14:00:00	1.01725	1.01865	1.01717	1.01837	3157
2024.03.24	15:00:00	1.01837	1.01911	1.01821	1.01880	2857
2024.03.24	16:00:00	1.01880	1.01884	1.01850	1.01882	2006
2024.03.24	17:00:00	1.01882	1.02017	1.01850	1.01983	3447
2024.03.24	18:00:00	1.01983	1.02035	1.01954	1.01996	1702
2024.03.24	19:00:00	1.01996	1.02038	1.01988	1.01997	1374
2024.03.24	20:00:00	1.01997	1.02057	1.01923	1.01960	1739
2024.03.24	21:00:00	1.01960	1.02041	1.01913	1.01998	549
2024.03.24	22:00:00	1.01998	1.02037	1.01990	1.02030	4702
2024.03.24	23:00:00	1.02030	1.02038	1.02021	1.02034	1655
2024.03.25	00:00:00	1.02034	1.02103	1.01972	1.01989	4099
2024.03.25	01:00:00	1.01989	1.02006	1.01989	1.02000	2457
2024.03.25	02:00:00	1.02000	1.02025	1.01977	1.01999	2027
2024.03.25	03:00:00	1.01999	1.02052	1.01870	1.01920	1526
2024.03.25	04:00:00	1.01920	1.01940	1.01812	1.01833	4193
2024.03.25	05:00:00	1.01833	1.01875	1.01822	1.01871	2813
2024.03.25	06:00:00	1.01871	1.01897	1.01652	1.01715	2523
2024.03.25	07:00:00	1.01715	1.01765	1.01687	1.01731	3460
2024.03.25	08:00:00	1.01731	1.01819	1.01684	1.01705	4111
2024.03.25	09:00:00	1.01705	1.01801	1.01692	1.01788	3451
2024.03.25	10:00:00	1.01788	1.01852	1.01737	1.01761	2605
2024.03.25	11:00:00	1.01761	1.01861	1.01738	1.01804	4521
2024.03.25	12:00:00	1.01804	1.01819	1.01699	1.01783	4530
2024.03.25	13:00:00	1.01783	1.01805	1.01753	1.01793	4848
2024.03.25	14:00:00	1.01793	1.01866	1.01728	1.01841	909
2024.03.25	15:00:00	1.01841	1.01853	1.01773	1.01816	4508
2024.03.25	16:00:00	1.01816	1.01901	1.01787	1.01879	1369
2024.03.25	17:00:00	1.01879	1.01912	1.01783	1.01822	3290
2024.03.25	18:00:00	1.01822	1.01873	1.01818	1.01843	3460
2024.03.25	19:00:00	1.01843	1.01988	1.01793	1.01902	1425
2024.03.25	20:00:00	1.01902	1.01948	1.01841	1.01946	536
2024.03.25	21:00:00	1.01946	1.02120	1.01926	1.02066	4745
2024.03.25	22:00:00	1.02066	1.02120	1.01937	1.02022	4510
2024.03.25	23:00:00	1.02022	1.02053	1.01927	1.01941	1286
2024.03.26	00:00:00	1.01941	1.01943	1.01818	1.01883	3205
2024.03.26	01:00:00	1.01883	1.01962	1.01841	1.01927	1181
2024.03.26	02:00:00	1.01927	1.01982	1.01853	1.01960	3049
2024.03.26	03:00:00	1.01960	1.02003	1.01930	1.01970	1929
2024.03.26	04:00:00	1.01970	1.01976	1.01883	1.01904	3882
2024.03.26	05:00:00	1.01904	1.01983	1.01900	1.01954	3081
2024.03.26	06:00:00	1.01954	1.01970	1.01874	1.01882	2741
2024.03.26	07:00:00	1.01882	1.02004	1.01835	1.01956	3566
2024.03.26	08:00:00	1.01956	1.02214	1.01956	1.02134	2641
2024.03.26	09:00:00	1.02134	1.02163	1.02094	1.02160	559
2024.03.26	10:00:00	1.02160	1.02224	1.02159	1.02198	3181
2024.03.26	11:00:00	1.02198	1.02220	1.02138	1.02171	4001
2024.03.26	12:00:00	1.02171	1.02213	1.02013	1.02063	2706
2024.03.26	13:00:00	1.02063	1.02073	1.01997	1.02030	1287
2024.03.26	14:00:00	1.02030	1.02074	1.01950	1.01966	535
2024.03.26	15:00:00	1.01966	1.01987	1.01867	1.01880	1834
2024.03.26	16:00:00	1.01880	1.02023	1.01848	1.01989	3956
2024.03.26	17:00:00	1.01989	1.02015	1.01900	1.02008	1949
2024.03.26	18:00:00	1.02008	1.02055	1.01992	1.02035	4802
2024.03.26	19:00:00	1.02035	1.02100	1.01983	1.02019	1996
2024.03.26	20:00:00	1.02019	1.02033	1.01984	1.02011	2424
2024.03.26	21:00:00	1.02011	1.02099	1.01981	1.02073	3921
2024.03.26	22:00:00	1.02073	1.02103	1.02034	1.02075	3262
2024.03.26	23:00:00	1.02075	1.02156	1.02068	1.02110	684
2024.03.27	00:00:00	1.02110	1.02149	1.02007	1.02101	843
2024.03.27	01:00:00	1.02101	1.02145	1.02053	1.02083	1384
2024.03.27	02:00:00	1.02083	1.02137	1.01995	1.02000	4422
2024.03.27	03:00:00	1.02000	1.02032	1.01868	1.01882	600
2024.03.27	04:00:00	1.01882	1.01894	1.01799	1.01869	822
2024.03.27	05:00:00	1.01869	1.01879	1.01824	1.01876	4002
2024.03.27	06:00:00	1.01876	1.01980	1.01700	1.01800	3302
2024.03.27	07:00:00	1.01800	1.01884	1.01731	1.01801	4926
2024.03.27	08:00:00	1.01801	1.01843	1.01740	1.01808	1488
2024.03.27	09:00:00	1.01808	1.01890	1.01663	1.01679	3467
2024.03.27	10:00:00	1.01679	1.01737	1.01621	1.01626	1105
2024.03.27	11:00:00	1.01626	1.01687	1.01564	1.01654	3155
2024.03.27	12:00:00	1.01654	1.01769	1.01645	1.01681	977
2024.03.27	13:00:00	1.01681	1.01695	1.01542	1.01614	4586
2024.03.27	14:00:00	1.01614	1.01670	1.01608	1.01626	2371
2024.03.27	15:00:00	1.01626	1.01735	1.01604	1.01692	1647
2024.03.27	16:00:00	1.01692	1.01797	1.01621	1.01742	4930
2024.03.27	17:00:00	1.01742	1.01773	1.01684	1.01739	799
2024.03.27	18:00:00	1.01739	1.01768	1.01711	1.01714	4099
2024.03.27	19:00:00	1.01714	1.01786	1.01608	1.01679	2794
2024.03.27	20:00:00	1.01679	1.01738	1.01642	1.01710	3594
2024.03.27	21:00:00	1.01710	1.01734	1.01659	1.01725	1671
2024.03.27	22:00:00	1.01725	1.01818	1.01720	1.01767	4466
2024.03.27	23:00:00	1.01767	1.01791	1.01758	1.01778	2529
2024.03.28	00:00:00	1.01778	1.01851	1.01758	1.01831	2383
2024.03.28	01:00:00	1.01831	1.01858	1.01800	1.01840	2553
2024.03.28	02:00:00	1.01840	1.01931	1.01836	1.01891	1833
2024.03.28	03:00:00	1.01891	1.01987	1.01848	1.01947	1934
2024.03.28	04:00:00	1.01947	1.01981	1.01886	1.01901	1130
2024.03.28	05:00:00	1.01901	1.01941	1.01671	1.01793	2688
2024.03.28	06:00:00	1.01793	1.01892	1.01771	1.01891	2636
2024.03.28	07:00:00	1.01891	1.01922	1.01855	1.01909	2210
2024.03.28	08:00:00	1.01909	1.01938	1.01767	1.01808	4935
2024.03.28	09:00:00	1.01808	1.01830	1.01759	1.01767	1008
2024.03.28	10:00:00	1.01767	1.01887	1.01698	1.01817	4596
2024.03.28	11:00:00	1.01817	1.01830	1.01792	1.01803	4400
2024.03.28	12:00:00	1.01803	1.01810	1.01699	1.01775	600
2024.03.28	13:00:00	1.01775	1.01874	1.01769	1.01864	3655
2024.03.28	14:00:00	1.01864	1.01962	1.01749	1.01803	1441
2024.03.28	15:00:00	1.01803	1.01855	1.01742	1.01757	685
2024.03.28	16:00:00	1.01757	1.01802	1.01733	1.01773	4374
2024.03.28	17:00:00	1.01773	1.01811	1.01681	1.01800	1021
2024.03.28	18:00:00	1.01800	1.01842	1.01757	1.01833	1845
2024.03.28	19:00:00	1.01833	1.01898	1.01827	1.01892	934
2024.03.28	20:00:00	1.01892	1.01935	1.01863	1.01907	1138
2024.03.28	21:00:00	1.01907	1.01958	1.01872	1.01940	777
2024.03.28	22:00:00	1.01940	1.01998	1.01899	1.01927	4290
2024.03.28	23:00:00	1.01927	1.01987	1.01895	1.01934	765
2024.03.29	00:00:00	1.01934	1.01989	1.01915	1.01944	3916
2024.03.29	01:00:00	1.01944	1.01980	1.01854	1.01960	1207
2024.03.29	02:00:00	1.01960	1.02028	1.01944	1.02011	4617
2024.03.29	03:00:00	1.02011	1.02128	1.01970	1.02048	4315
2024.03.29	04:00:00	1.02048	1.02093	1.02033	1.02053	3332
2024.03.29	05:00:00	1.02053	1.02091	1.01975	1.02007	4227
2024.03.29	06:00:00	1.02007	1.02025	1.01975	1.02014	1842
2024.03.29	07:00:00	1.02014	1.02027	1.01949	1.02015	4024
2024.03.29	08:00:00	1.02015	1.02088	1.01962	1.02030	1497
2024.03.29	09:00:00	1.02030	1.02200	1.02007	1.02169	3266
2024.03.29	10:00:00	1.02169	1.02188	1.02112	1.02140	4637
2024.03.29	11:00:00	1.02140	1.02220	1.02090	1.02168	3755
2024.03.29	12:00:00	1.02168	1.02245	1.02113	1.02237	1713
2024.03.29	13:00:00	1.02237	1.02252	1.02216	1.02246	3823
2024.03.29	14:00:00	1.02246	1.02400	1.02243	1.02393	4474
2024.03.29	15:00:00	1.02393	1.02428	1.02341	1.02373	4501
2024.03.29	16:00:00	1.02373	1.02454	1.02327	1.02396	3826
2024.03.29	17:00:00	1.02396	1.02425	1.02276	1.02350	3795
2024.03.29	18:00:00	1.02350	1.02350	1.02314	1.02331	4031
2024.03.29	19:00:00	1.02331	1.02392	1.02291	1.02349	3814
2024.03.29	20:00:00	1.02349	1.02488	1.02347	1.02404	1101
2024.03.29	21:00:00	1.02404	1.02433	1.02400	1.02427	4118
2024.03.29	22:00:00	1.02427	1.02566	1.02417	1.02508	1309
2024.03.29	23:00:00	1.02508	1.02575	1.02467	1.02505	3003
2024.03.30	00:00:00	1.02505	1.02519	1.02454	1.02488	2027
2024.03.30	01:00:00	1.02488	1.02735	1.02480	1.02657	1458
2024.03.30	02:00:00	1.02657	1.02686	1.02639	1.02684	1768
2024.03.30	03:00:00	1.02684	1.02723	1.02639	1.02643	880
2024.03.30	04:00:00	1.02643	1.02661	1.02580	1.02603	2478
2024.03.30	05:00:00	1.02603	1.02624	1.02541	1.02549	2385
2024.03.30	06:00:00	1.02549	1.02636	1.02444	1.02609	2315
2024.03.30	07:00:00	1.02609	1.02692	1.02583	1.02590	912
2024.03.30	08:00:00	1.02590	1.02652	1.02572	1.02601	3230
2024.03.30	09:00:00	1.02601	1.02626	1.02572	1.02600	1261
2024.03.30	10:00:00	1.02600	1.02680	1.02559	1.02648	4351
2024.03.30	11:00:00	1.02648	1.02695	1.02569	1.02599	607
2024.03.30	12:00:00	1.02599	1.02607	1.02505	1.02536	748
2024.03.30	13:00:00	1.02536	1.02623	1.02527	1.02553	1850
2024.03.30	14:00:00	1.02553	1.02677	1.02511	1.02593	2335
2024.03.30	15:00:00	1.02593	1.02683	1.02542	1.02616	4864
2024.03.30	16:00:00	1.02616	1.02631	1.02558	1.02570	2863
2024.03.30	17:00:00	1.02570	1.02656	1.02565	1.02614	2205
2024.03.30	18:00:00	1.02614	1.02654	1.02536	1.02572	4269
2024.03.30	19:00:00	1.02572	1.02583	1.02507	1.02543	1584
2024.03.30	20:00:00	1.02543	1.02568	1.02459	1.02488	4536
2024.03.30	21:00:00	1.02488	1.02574	1.02486	1.02571	2315
2024.03.30	22:00:00	1.02571	1.02632	1.02501	1.02613	1907
2024.03.30	23:00:00	1.02613	1.02718	1.02580	1.02653	1856
2024.03.31	00:00:00	1.02653	1.02755	1.02615	1.02733	543
2024.03.31	01:00:00	1.02733	1.02937	1.02714	1.02910	3532
2024.03.31	02:00:00	1.02910	1.03016	1.02799	1.02807	3097
2024.03.31	03:00:00	1.02807	1.02810	1.02763	1.02765	3355
2024.03.31	04:00:00	1.02765	1.02848	1.02716	1.02730	3433
2024.03.31	05:00:00	1.02730	1.02783	1.02678	1.02681	623
2024.03.31	06:00:00	1.02681	1.02755	1.02615	1.02617	4449
2024.03.31	07:00:00	1.02617	1.02630	1.02584	1.02602	2800
2024.03.31	08:00:00	1.02602	1.02650	1.02499	1.02530	3611
2024.03.31	09:00:00	1.02530	1.02622	1.02487	1.02554	662
2024.03.31	10:00:00	1.02554	1.02570	1.02470	1.02560	3924
2024.03.31	11:00:00	1.02560	1.02624	1.02552	1.02593	3548
2024.03.31	12:00:00	1.02593	1.02629	1.02574	1.02627	2157
2024.03.31	13:00:00	1.02627	1.02772	1.02610	1.02667	4711
2024.03.31	14:00:00	1.02667	1.02711	1.02589	1.02647	3428
2024.03.31	15:00:00	1.02647	1.02783	1.02628	1.02781	4583
2024.03.31	16:00:00	1.02781	1.02833	1.02777	1.02799	4197
2024.03.31	17:00:00	1.02799	1.02876	1.02644	1.02687	1425
2024.03.31	18:00:00	1.02687	1.02702	1.02615	1.02628	4984
2024.03.31	19:00:00	1.02628	1.02669	1.02477	1.02524	3841
2024.03.31	20:00:00	1.02524	1.02587	1.02505	1.02529	1353
2024.03.31	21:00:00	1.02529	1.02538	1.02489	1.02524	4068
2024.03.31	22:00:00	1.02524	1.02527	1.02450	1.02498	2430
2024.03.31	23:00:00	1.02498	1.02694	1.02495	1.02625	4389
2024.04.01	00:00:00	1.02625	1.02671	1.02625	1.02662	1279
2024.04.01	01:00:00	1.02662	1.02717	1.02647	1.02710	1668
2024.04.01	02:00:00	1.02710	1.02744	1.02548	1.02656	2064
2024.04.01	03:00:00	1.02656	1.02709	1.02581	1.02597	2528
2024.04.01	04:00:00	1.02597	1.02611	1.02579	1.02603	3340
2024.04.01	05:00:00	1.02603	1.02634	1.02572	1.02616	1496
2024.04.01	06:00:00	1.02616	1.02622	1.02484	1.02505	3675
2024.04.01	07:00:00	1.02505	1.02539	1.02462	1.02497	609
2024.04.01	08:00:00	1.02497	1.02523	1.02474	1.02501	1989
2024.04.01	09:00:00	1.02501	1.02531	1.02489	1.02491	3465
2024.04.01	10:00:00	1.02491	1.02496	1.02408	1.02444	1692
2024.04.01	11:00:00	1.02444	1.02504	1.02368	1.02414	2441
2024.04.01	12:00:00	1.02414	1.02447	1.02365	1.02406	3227
2024.04.01	13:00:00	1.02406	1.02421	1.02384	1.02415	1616
2024.04.01	14:00:00	1.02415	1.02463	1.02318	1.02455	4839
2024.04.01	15:00:00	1.02455	1.02527	1.02384	1.02525	4311
2024.04.01	16:00:00	1.02525	1.02590	1.02477	1.02509	4869
2024.04.01	17:00:00	1.02509	1.02566	1.02475	1.02485	2730
2024.04.01	18:00:00	1.02485	1.02545	1.02419	1.02514	2045
2024.04.01	19:00:00	1.02514	1.02596	1.02509	1.02555	4975
2024.04.01	20:00:00	1.02555	1.02580	1.02525	1.02532	3778
2024.04.01	21:00:00	1.02532	1.02608	1.02482	1.02583	4070
2024.04.01	22:00:00	1.02583	1.02695	1.02518	1.02647	1322
2024.04.01	23:00:00	1.02647	1.02769	1.02640	1.02729	4411
2024.04.02	00:00:00	1.02729	1.02850	1.02715	1.02842	2876
2024.04.02	01:00:00	1.02842	1.02872	1.02779	1.02792	3979
2024.04.02	02:00:00	1.02792	1.02807	1.02772	1.02796	4212
2024.04.02	03:00:00	1.02796	1.02800	1.02795	1.02799	976
2024.04.02	04:00:00	1.02799	1.02826	1.02723	1.02796	945
2024.04.02	05:00:00	1.02796	1.02833	1.02741	1.02759	792
2024.04.02	06:00:00	1.02759	1.02787	1.02665	1.02671	3393
2024.04.02	07:00:00	1.02671	1.02739	1.02592	1.02680	4617
2024.04.02	08:00:00	1.02680	1.02692	1.02635	1.02636	635
2024.04.02	09:00:00	1.02636	1.02645	1.02598	1.02644	1121
2024.04.02	10:00:00	1.02644	1.02674	1.02596	1.02598	2686
2024.04.02	11:00:00	1.02598	1.02599	1.02520	1.02534	2260
2024.04.02	12:00:00	1.02534	1.02563	1.02516	1.02551	963
2024.04.02	13:00:00	1.02551	1.02565	1.02550	1.02563	3244
2024.04.02	14:00:00	1.02563	1.02638	1.02513	1.02602	4574
2024.04.02	15:00:00	1.02602	1.02766	1.02537	1.02740	1453
2024.04.02	16:00:00	1.02740	1.02765	1.02729	1.02760	512
2024.04.02	17:00:00	1.02760	1.02793	1.02705	1.02793	1513
2024.04.02	18:00:00	1.02793	1.02828	1.02726	1.02730	1330
2024.04.02	19:00:00	1.02730	1.02734	1.02621	1.02653	2598
2024.04.02	20:00:00	1.02653	1.02826	1.02613	1.02754	982
2024.04.02	21:00:00	1.02754	1.02760	1.02690	1.02700	2124
2024.04.02	22:00:00	1.02700	1.02710	1.02606	1.02639	1037
2024.04.02	23:00:00	1.02639	1.02646	1.02631	1.02640	3544
2024.04.03	00:00:00	1.02640	1.02692	1.02589	1.02637	2611
2024.04.03	01:00:00	1.02637	1.02679	1.02563	1.02585	837
2024.04.03	02:00:00	1.02585	1.02606	1.02539	1.02569	696
2024.04.03	03:00:00	1.02569	1.02693	1.02551	1.02648	2699
2024.04.03	04:00:00	1.02648	1.02649	1.02593	1.02601	3163
2024.04.03	05:00:00	1.02601	1.02621	1.02514	1.02519	1284
2024.04.03	06:00:00	1.02519	1.02629	1.02516	1.02580	1955
2024.04.03	07:00:00	1.02580	1.02675	1.02533	1.02613	3230
2024.04.03	08:00:00	1.02613	1.02663	1.02484	1.02578	2620
2024.04.03	09:00:00	1.02578	1.02612	1.02482	1.02484	1022
2024.04.03	10:00:00	1.02484	1.02503	1.02438	1.02441	2260
2024.04.03	11:00:00	1.02441	1.02513	1.02386	1.02441	1389
2024.04.03	12:00:00	1.02441	1.02525	1.02414	1.02515	4670
2024.04.03	13:00:00	1.02515	1.02526	1.02426	1.02455	4117
2024.04.03	14:00:00	1.02455	1.02483	1.02438	1.02453	1904
2024.04.03	15:00:00	1.02453	1.02537	1.02379	1.02497	1558
2024.04.03	16:00:00	1.02497	1.02520	1.02313	1.02354	1105
2024.04.03	17:00:00	1.02354	1.02429	1.02331	1.02420	3816
2024.04.03	18:00:00	1.02420	1.02458	1.02336	1.02351	4632
2024.04.03	19:00:00	1.02351	1.02421	1.02344	1.02374	1728
2024.04.03	20:00:00	1.02374	1.02393	1.02294	1.02393	3378
2024.04.03	21:00:00	1.02393	1.02507	1.02361	1.02462	1557
2024.04.03	22:00:00	1.02462	1.02539	1.02432	1.02499	4626
2024.04.03	23:00:00	1.02499	1.02522	1.02300	1.02356	1846
2024.04.04	00:00:00	1.02356	1.02375	1.02288	1.02311	932
2024.04.04	01:00:00	1.02311	1.02336	1.02309	1.02323	4464
2024.04.04	02:00:00	1.02323	1.02349	1.02257	1.02314	4754
2024.04.04	03:00:00	1.02314	1.02348	1.02297	1.02346	2287
2024.04.04	04:00:00	1.02346	1.02444	1.02335	1.02398	4582
2024.04.04	05:00:00	1.02398	1.02455	1.02377	1.02438	1596
2024.04.04	06:00:00	1.02438	1.02483	1.02410	1.02428	1719
2024.04.04	07:00:00	1.02428	1.02431	1.02293	1.02318	2914
2024.04.04	08:00:00	1.02318	1.02326	1.02268	1.02293	3201
2024.04.04	09:00:00	1.02293	1.02336	1.02273	1.02322	2235
2024.04.04	10:00:00	1.02322	1.02403	1.02240	1.02258	4098
2024.04.04	11:00:00	1.02258	1.02321	1.02236	1.02299	4055
2024.04.04	12:00:00	1.02299	1.02482	1.02254	1.02358	1044
2024.04.04	13:00:00	1.02358	1.02374	1.02347	1.02369	4957
2024.04.04	14:00:00	1.02369	1.02374	1.02129	1.02184	1216
2024.04.04	15:00:00	1.02184	1.02214	1.02038	1.02109	2869
2024.04.04	16:00:00	1.02109	1.02293	1.02079	1.02228	2403
2024.04.04	17:00:00	1.02228	1.02267	1.02080	1.02197	2532
2024.04.04	18:00:00	1.02197	1.02283	1.02037	1.02079	1078
2024.04.04	19:00:00	1.02079	1.02180	1.02065	1.02157	2043
2024.04.04	20:00:00	1.02157	1.02264	1.02123	1.02161	636
2024.04.04	21:00:00	1.02161	1.02257	1.02138	1.02232	4880
2024.04.04	22:00:00	1.02232	1.02298	1.02216	1.02252	1147
2024.04.04	23:00:00	1.02252	1.02295	1.02200	1.02283	2674
2024.04.05	00:00:00	1.02283	1.02360	1.02277	1.02309	1472
2024.04.05	01:00:00	1.02309	1.02404	1.02257	1.02355	1300
2024.04.05	02:00:00	1.02355	1.02536	1.02335	1.02498	2255
2024.04.05	03:00:00	1.02498	1.02563	1.02485	1.02560	4861
2024.04.05	04:00:00	1.02560	1.02595	1.02451	1.02466	2651
2024.04.05	05:00:00	1.02466	1.02519	1.02444	1.02497	4823
2024.04.05	06:00:00	1.02497	1.02630	1.02464	1.02570	4221
2024.04.05	07:00:00	1.02570	1.02651	1.02530	1.02647	2460
2024.04.05	08:00:00	1.02647	1.02670	1.02614	1.02624	4555
2024.04.05	09:00:00	1.02624	1.02745	1.02617	1.02699	2066
2024.04.05	10:00:00	1.02699	1.02834	1.02676	1.02759	2756
2024.04.05	11:00:00	1.02759	1.02971	1.02744	1.02921	3561
2024.04.05	12:00:00	1.02921	1.02926	1.02832	1.02878	3152
2024.04.05	13:00:00	1.02878	1.02917	1.02817	1.02850	4230
2024.04.05	14:00:00	1.02850	1.02872	1.02824	1.02834	1233
2024.04.05	15:00:00	1.02834	1.02897	1.02780	1.02807	2743
2024.04.05	16:00:00	1.02807	1.02835	1.02704	1.02755	3491
2024.04.05	17:00:00	1.02755	1.02764	1.02533	1.02588	1988
2024.04.05	18:00:00	1.02588	1.02631	1.02540	1.02564	4401
2024.04.05	19:00:00	1.02564	1.02629	1.02550	1.02590	1856
2024.04.05	20:00:00	1.02590	1.02674	1.02531	1.02563	1855
2024.04.05	21:00:00	1.02563	1.02755	1.02541	1.02685	1969
2024.04.05	22:00:00	1.02685	1.02703	1.02668	1.02689	3544
2024.04.05	23:00:00	1.02689	1.02822	1.02632	1.02771	1031
2024.04.06	00:00:00	1.02771	1.02848	1.02752	1.02791	1142
2024.04.06	01:00:00	1.02791	1.02867	1.02784	1.02845	4003
2024.04.06	02:00:00	1.02845	1.02914	1.02818	1.02865	1432
2024.04.06	03:00:00	1.02865	1.02956	1.02855	1.02953	972
2024.04.06	04:00:00	1.02953	1.02981	1.02907	1.02959	1686
2024.04.06	05:00:00	1.02959	1.03063	1.02919	1.02993	2292
2024.04.06	06:00:00	1.02993	1.03097	1.02959	1.03019	649
2024.04.06	07:00:00	1.03019	1.03021	1.02954	1.03004	4257
2024.04.06	08:00:00	1.03004	1.03053	1.03001	1.03032	1028
2024.04.06	09:00:00	1.03032	1.03210	1.03005	1.03173	2318
2024.04.06	10:00:00	1.03173	1.03212	1.03144	1.03160	1409
2024.04.06	11:00:00	1.03160	1.03244	1.03158	1.03189	1826
2024.04.06	12:00:00	1.03189	1.03280	1.03175	1.03270	703
2024.04.06	13:00:00	1.03270	1.03348	1.03236	1.03343	4767
2024.04.06	14:00:00	1.03343	1.03367	1.03297	1.03347	4718
2024.04.06	15:00:00	1.03347	1.03359	1.03159	1.03203	1069
2024.04.06	16:00:00	1.03203	1.03340	1.03155	1.03238	1387
2024.04.06	17:00:00	1.03238	1.03243	1.03051	1.03104	4481
2024.04.06	18:00:00	1.03104	1.03215	1.03089	1.03198	2367
2024.04.06	19:00:00	1.03198	1.03252	1.03167	1.03211	779
2024.04.06	20:00:00	1.03211	1.03286	1.03204	1.03276	1111
2024.04.06	21:00:00	1.03276	1.03334	1.03190	1.03223	2360
2024.04.06	22:00:00	1.03223	1.03230	1.03109	1.03130	3010
2024.04.06	23:00:00	1.03130	1.03160	1.03120	1.03150	3342
2024.04.07	00:00:00	1.03150	1.03222	1.03116	1.03151	1189
2024.04.07	01:00:00	1.03151	1.03215	1.03118	1.03123	2165
2024.04.07	02:00:00	1.03123	1.03205	1.03100	1.03132	1674
2024.04.07	03:00:00	1.03132	1.03321	1.03103	1.03306	2905
2024.04.07	04:00:00	1.03306	1.03415	1.03290	1.03361	1946
2024.04.07	05:00:00	1.03361	1.03479	1.03358	1.03429	1418
2024.04.07	06:00:00	1.03429	1.03486	1.03374	1.03485	4168
2024.04.07	07:00:00	1.03485	1.03589	1.03451	1.03580	3060
2024.04.07	08:00:00	1.03580	1.03613	1.03552	1.03571	2632
2024.04.07	09:00:00	1.03571	1.03596	1.03383	1.03446	1105
2024.04.07	10:00:00	1.03446	1.03479	1.03382	1.03438	818
2024.04.07	11:00:00	1.03438	1.03531	1.03431	1.03491	4082
2024.04.07	12:00:00	1.03491	1.03539	1.03406	1.03434	4858
2024.04.07	13:00:00	1.03434	1.03448	1.03387	1.03426	3127
2024.04.07	14:00:00	1.03426	1.03436	1.03367	1.03387	675
2024.04.07	15:00:00	1.03387	1.03509	1.03316	1.03483	2668
2024.04.07	16:00:00	1.03483	1.03533	1.03477	1.03533	1760
2024.04.07	17:00:00	1.03533	1.03592	1.03501	1.03576	746
2024.04.07	18:00:00	1.03576	1.03651	1.03503	1.03618	1140
2024.04.07	19:00:00	1.03618	1.03702	1.03549	1.03619	2748
2024.04.07	20:00:00	1.03619	1.03657	1.03597	1.03634	2420
2024.04.07	21:00:00	1.03634	1.03696	1.03538	1.03564	3036
2024.04.07	22:00:00	1.03564	1.03571	1.03422	1.03431	3620
2024.04.07	23:00:00	1.03431	1.03476	1.03340	1.03443	1695
2024.04.08	00:00:00	1.03443	1.03496	1.03440	1.03467	1788
2024.04.08	01:00:00	1.03467	1.03591	1.03425	1.03545	3549
2024.04.08	02:00:00	1.03545	1.03679	1.03480	1.03645	1387
2024.04.08	03:00:00	1.03645	1.03789	1.03570	1.03746	845
2024.04.08	04:00:00	1.03746	1.03820	1.03655	1.03687	4341
2024.04.08	05:00:00	1.03687	1.03698	1.03634	1.03668	1439
2024.04.08	06:00:00	1.03668	1.03703	1.03663	1.03701	1043
2024.04.08	07:00:00	1.03701	1.03883	1.03653	1.03862	3818
2024.04.08	08:00:00	1.03862	1.03972	1.03795	1.03958	2893
2024.04.08	09:00:00	1.03958	1.04099	1.03956	1.04031	1162
2024.04.08	10:00:00	1.04031	1.04071	1.04005	1.04010	4327
2024.04.08	11:00:00	1.04010	1.04047	1.03894	1.03958	1604
2024.04.08	12:00:00	1.03958	1.04074	1.03957	1.04010	3542
2024.04.08	13:00:00	1.04010	1.04035	1.03928	1.03944	3428
2024.04.08	14:00:00	1.03944	1.04029	1.03903	1.03933	4233
2024.04.08	15:00:00	1.03933	1.03951	1.03874	1.03929	3779
2024.04.08	16:00:00	1.03929	1.04036	1.03904	1.04031	3663
2024.04.08	17:00:00	1.04031	1.04057	1.03925	1.04012	731
2024.04.08	18:00:00	1.04012	1.04018	1.03838	1.03863	4721
2024.04.08	19:00:00	1.03863	1.03969	1.03852	1.03898	1069
2024.04.08	20:00:00	1.03898	1.03925	1.03818	1.03857	1640
2024.04.08	21:00:00	1.03857	1.03876	1.03821	1.03863	2507
2024.04.08	22:00:00	1.03863	1.03865	1.03806	1.03861	1797
2024.04.08	23:00:00	1.03861	1.03876	1.03784	1.03847	3167
2024.04.09	00:00:00	1.03847	1.03935	1.03824	1.03899	738
2024.04.09	01:00:00	1.03899	1.03928	1.03728	1.03807	2542
2024.04.09	02:00:00	1.03807	1.03854	1.03702	1.03778	2072
2024.04.09	03:00:00	1.03778	1.03844	1.03760	1.03823	3411
2024.04.09	04:00:00	1.03823	1.03906	1.03761	1.03788	2839
2024.04.09	05:00:00	1.03788	1.03848	1.03626	1.03691	3901
2024.04.09	06:00:00	1.03691	1.03796	1.03688	1.03736	1240
2024.04.09	07:00:00	1.03736	1.03830	1.03729	1.03809	4772
2024.04.09	08:00:00	1.03809	1.03826	1.03777	1.03809	2264
2024.04.09	09:00:00	1.03809	1.03812	1.03654	1.03690	2074
2024.04.09	10:00:00	1.03690	1.03793	1.03682	1.03737	2967
2024.04.09	11:00:00	1.03737	1.03753	1.03615	1.03637	1233
2024.04.09	12:00:00	1.03637	1.03660	1.03609	1.03659	4165
2024.04.09	13:00:00	1.03659	1.03736	1.03586	1.03607	1688
2024.04.09	14:00:00	1.03607	1.03618	1.03518	1.03538	4673
2024.04.09	15:00:00	1.03538	1.03585	1.03496	1.03514	1166
2024.04.09	16:00:00	1.03514	1.03565	1.03491	1.03506	4388
2024.04.09	17:00:00	1.03506	1.03547	1.03466	1.03469	2274
2024.04.09	18:00:00	1.03469	1.03537	1.03437	1.03509	3233
2024.04.09	19:00:00	1.03509	1.03552	1.03421	1.03484	4426
2024.04.09	20:00:00	1.03484	1.03586	1.03441	1.03548	1081
2024.04.09	21:00:00	1.03548	1.03569	1.03537	1.03569	2061
2024.04.09	22:00:00	1.03569	1.03624	1.03471	1.03528	4767
2024.04.09	23:00:00	1.03528	1.03536	1.03461	1.03478	1169
2024.04.10	00:00:00	1.03478	1.03511	1.03357	1.03372	962
2024.04.10	01:00:00	1.03372	1.03405	1.03320	1.03387	2851
2024.04.10	02:00:00	1.03387	1.03397	1.03356	1.03362	611
2024.04.10	03:00:00	1.03362	1.03407	1.03171	1.03212	4963
2024.04.10	04:00:00	1.03212	1.03238	1.03164	1.03176	4566
2024.04.10	05:00:00	1.03176	1.03246	1.03095	1.03117	1346
2024.04.10	06:00:00	1.03117	1.03214	1.03112	1.03211	1277
2024.04.10	07:00:00	1.03211	1.03251	1.03074	1.03103	4000
2024.04.10	08:00:00	1.03103	1.03115	1.02963	1.03011	2843
2024.04.10	09:00:00	1.03011	1.03140	1.03005	1.03076	4205
2024.04.10	10:00:00	1.03076	1.03198	1.03010	1.03157	4854
2024.04.10	11:00:00	1.03157	1.03211	1.03039	1.03108	2306
2024.04.10	12:00:00	1.03108	1.03114	1.03053	1.03066	1642
2024.04.10	13:00:00	1.03066	1.03176	1.02972	1.03101	3287
2024.04.10	14:00:00	1.03101	1.03104	1.02882	1.02954	3357
2024.04.10	15:00:00	1.02954	1.02955	1.02812	1.02836	2445
2024.04.10	16:00:00	1.02836	1.02861	1.02790	1.02815	1845
2024.04.10	17:00:00	1.02815	1.03015	1.02771	1.02908	1680
2024.04.10	18:00:00	1.02908	1.02916	1.02837	1.02878	2846
2024.04.10	19:00:00	1.02878	1.02883	1.02833	1.02881	2417
2024.04.10	20:00:00	1.02881	1.03007	1.02840	1.02948	2558
2024.04.10	21:00:00	1.02948	1.03114	1.02917	1.03075	928
2024.04.10	22:00:00	1.03075	1.03120	1.03032	1.03036	4463
2024.04.10	23:00:00	1.03036	1.03086	1.03007	1.03032	3681
2024.04.11	00:00:00	1.03032	1.03152	1.02984	1.03142	4635
2024.04.11	01:00:00	1.03142	1.03178	1.03003	1.03045	4231
2024.04.11	02:00:00	1.03045	1.03113	1.03045	1.03105	3284
2024.04.11	03:00:00	1.03105	1.03113	1.02998	1.03039	1883
2024.04.11	04:00:00	1.03039	1.03104	1.03012	1.03042	3442
2024.04.11	05:00:00	1.03042	1.03056	1.02951	1.03024	3049
2024.04.11	06:00:00	1.03024	1.03032	1.02935	1.02962	4657
2024.04.11	07:00:00	1.02962	1.02998	1.02866	1.02898	1544
2024.04.11	08:00:00	1.02898	1.02956	1.02873	1.02912	615
2024.04.11	09:00:00	1.02912	1.03002	1.02874	1.02970	1073
2024.04.11	10:00:00	1.02970	1.03027	1.02941	1.02959	1288
2024.04.11	11:00:00	1.02959	1.02985	1.02934	1.02961	3486
2024.04.11	12:00:00	1.02961	1.02999	1.02892	1.02993	1159
2024.04.11	13:00:00	1.02993	1.03042	1.02861	1.02930	1103
2024.04.11	14:00:00	1.02930	1.02976	1.02878	1.02972	2286
2024.04.11	15:00:00	1.02972	1.03021	1.02941	1.03020	4018
2024.04.11	16:00:00	1.03020	1.03247	1.02989	1.03178	2410
2024.04.11	17:00:00	1.03178	1.03243	1.03143	1.03151	1722
2024.04.11	18:00:00	1.03151	1.03152	1.03091	1.03120	1779
2024.04.11	19:00:00	1.03120	1.03183	1.03091	1.03164	4183
2024.04.11	20:00:00	1.03164	1.03271	1.03126	1.03212	2449
2024.04.11	21:00:00	1.03212	1.03244	1.03175	1.03176	2158
2024.04.11	22:00:00	1.03176	1.03188	1.03115	1.03148	3980
2024.04.11	23:00:00	1.03148	1.03191	1.03137	1.03178	2159
2024.04.12	00:00:00	1.03178	1.03191	1.03114	1.03124	2105
2024.04.12	01:00:00	1.03124	1.03125	1.03086	1.03095	3877
2024.04.12	02:00:00	1.03095	1.03124	1.03075	1.03098	1973
2024.04.12	03:00:00	1.03098	1.03161	1.03061	1.03156	2796
2024.04.12	04:00:00	1.03156	1.03167	1.03106	1.03116	3490
2024.04.12	05:00:00	1.03116	1.03131	1.02957	1.02999	1404
2024.04.12	06:00:00	1.02999	1.03035	1.02824	1.02877	1077
2024.04.12	07:00:00	1.02877	1.02929	1.02778	1.02797	4326
2024.04.12	08:00:00	1.02797	1.02835	1.02692	1.02712	1836
2024.04.12	09:00:00	1.02712	1.02724	1.02658	1.02700	2030
2024.04.12	10:00:00	1.02700	1.02730	1.02605	1.02624	3153
2024.04.12	11:00:00	1.02624	1.02627	1.02473	1.02577	962
2024.04.12	12:00:00	1.02577	1.02627	1.02514	1.02527	705
2024.04.12	13:00:00	1.02527	1.02553	1.02468	1.02496	2372
2024.04.12	14:00:00	1.02496	1.02580	1.02485	1.02575	4857
2024.04.12	15:00:00	1.02575	1.02716	1.02571	1.02612	3082
2024.04.12	16:00:00	1.02612	1.02671	1.02600	1.02610	3103
2024.04.12	17:00:00	1.02610	1.02639	1.02567	1.02579	3244
2024.04.12	18:00:00	1.02579	1.02589	1.02528	1.02549	4374
2024.04.12	19:00:00	1.02549	1.02573	1.02503	1.02566	4260
2024.04.12	20:00:00	1.02566	1.02639	1.02554	1.02599	608
2024.04.12	21:00:00	1.02599	1.02669	1.02522	1.02540	2936
2024.04.12	22:00:00	1.02540	1.02575	1.02526	1.02539	2959
2024.04.12	23:00:00	1.02539	1.02541	1.02358	1.02411	1506
2024.04.13	00:00:00	1.02411	1.02505	1.02345	1.02421	4887
2024.04.13	01:00:00	1.02421	1.02487	1.02400	1.02465	1677
2024.04.13	02:00:00	1.02465	1.02475	1.02406	1.02445	4252
2024.04.13	03:00:00	1.02445	1.02562	1.02434	1.02553	953
2024.04.13	04:00:00	1.02553	1.02580	1.02484	1.02496	3208
2024.04.13	05:00:00	1.02496	1.02520	1.02491	1.02506	3811
2024.04.13	06:00:00	1.02506	1.02575	1.02470	1.02501	2768
2024.04.13	07:00:00	1.02501	1.02528	1.02453	1.02492	976
2024.04.13	08:00:00	1.02492	1.02514	1.02413	1.02482	1057
2024.04.13	09:00:00	1.02482	1.02488	1.02477	1.02485	3226
2024.04.13	10:00:00	1.02485	1.02535	1.02440	1.02534	4381
2024.04.13	11:00:00	1.02534	1.02647	1.02479	1.02616	3186
2024.04.13	12:00:00	1.02616	1.02647	1.02596	1.02613	953
2024.04.13	13:00:00	1.02613	1.02700	1.02596	1.02660	4034
2024.04.13	14:00:00	1.02660	1.02677	1.02612	1.02614	2566
2024.04.13	15:00:00	1.02614	1.02701	1.02567	1.02658	835
2024.04.13	16:00:00	1.02658	1.02659	1.02600	1.02608	2155
2024.04.13	17:00:00	1.02608	1.02677	1.02584	1.02672	1413
2024.04.13	18:00:00	1.02672	1.02884	1.02652	1.02805	4938
2024.04.13	19:00:00	1.02805	1.02807	1.02781	1.02794	4593
2024.04.13	20:00:00	1.02794	1.02829	1.02649	1.02656	977
2024.04.13	21:00:00	1.02656	1.02674	1.02535	1.02619	3075
2024.04.13	22:00:00	1.02619	1.02781	1.02546	1.02692	531
2024.04.13	23:00:00	1.02692	1.02773	1.02672	1.02723	2559
2024.04.14	00:00:00	1.02723	1.02793	1.02713	1.02735	1201
2024.04.14	01:00:00	1.02735	1.02906	1.02710	1.02794	3864
2024.04.14	02:00:00	1.02794	1.02852	1.02783	1.02821	824
2024.04.14	03:00:00	1.02821	1.02900	1.02795	1.02893	4561
2024.04.14	04:00:00	1.02893	1.02986	1.02864	1.02947	1540
2024.04.14	05:00:00	1.02947	1.03060	1.02940	1.03038	1683
2024.04.14	06:00:00	1.03038	1.03061	1.02994	1.03057	4485
2024.04.14	07:00:00	1.03057	1.03136	1.03006	1.03110	4556
2024.04.14	08:00:00	1.03110	1.03126	1.03055	1.03088	931
2024.04.14	09:00:00	1.03088	1.03114	1.03026	1.03048	989
2024.04.14	10:00:00	1.03048	1.03178	1.03028	1.03150	4340
2024.04.14	11:00:00	1.03150	1.03177	1.03130	1.03160	4899
2024.04.14	12:00:00	1.03160	1.03213	1.03128	1.03207	2699
2024.04.14	13:00:00	1.03207	1.03289	1.03144	1.03212	1241
2024.04.14	14:00:00	1.03212	1.03270	1.03091	1.03172	1186
2024.04.14	15:00:00	1.03172	1.03218	1.03167	1.03170	1698
2024.04.14	16:00:00	1.03170	1.03291	1.03158	1.03256	3584
2024.04.14	17:00:00	1.03256	1.03304	1.03208	1.03287	934
2024.04.14	18:00:00	1.03287	1.03296	1.03136	1.03178	3386
2024.04.14	19:00:00	1.03178	1.03220	1.03155	1.03161	4116
2024.04.14	20:00:00	1.03161	1.03299	1.03107	1.03269	1146
2024.04.14	21:00:00	1.03269	1.03312	1.03238	1.03252	4929
2024.04.14	22:00:00	1.03252	1.03277	1.03095	1.03138	4943
2024.04.14	23:00:00	1.03138	1.03260	1.03119	1.03252	1836
2024.04.15	00:00:00	1.03252	1.03335	1.03225	1.03291	1004
2024.04.15	01:00:00	1.03291	1.03328	1.03262	1.03284	1965
2024.04.15	02:00:00	1.03284	1.03299	1.03200	1.03258	1662
2024.04.15	03:00:00	1.03258	1.03372	1.03254	1.03322	1755
2024.04.15	04:00:00	1.03322	1.03415	1.03245	1.03285	4662
2024.04.15	05:00:00	1.03285	1.03365	1.03240	1.03353	1196
2024.04.15	06:00:00	1.03353	1.03396	1.03337	1.03383	1926
2024.04.15	07:00:00	1.03383	1.03442	1.03314	1.03396	4043
2024.04.15	08:00:00	1.03396	1.03464	1.03311	1.03401	758
2024.04.15	09:00:00	1.03401	1.03459	1.03382	1.03387	773
2024.04.15	10:00:00	1.03387	1.03506	1.03330	1.03449	1858
2024.04.15	11:00:00	1.03449	1.03496	1.03357	1.03392	4854
2024.04.15	12:00:00	1.03392	1.03438	1.03282	1.03289	4277
2024.04.15	13:00:00	1.03289	1.03333	1.03273	1.03324	4672
2024.04.15	14:00:00	1.03324	1.03373	1.03296	1.03360	4387
2024.04.15	15:00:00	1.03360	1.03449	1.03350	1.03387	1032
2024.04.15	16:00:00	1.03387	1.03435	1.03335	1.03409	2304
2024.04.15	17:00:00	1.03409	1.03436	1.03381	1.03386	2882
2024.04.15	18:00:00	1.03386	1.03474	1.03365	1.03431	1249
2024.04.15	19:00:00	1.03431	1.03449	1.03417	1.03426	4967
2024.04.15	20:00:00	1.03426	1.03427	1.03352	1.03392	3213
2024.04.15	21:00:00	1.03392	1.03393	1.03329	1.03370	4336
2024.04.15	22:00:00	1.03370	1.03560	1.03341	1.03492	1663
2024.04.15	23:00:00	1.03492	1.03605	1.03340	1.03381	3718
2024.04.16	00:00:00	1.03381	1.03447	1.03330	1.03409	976
2024.04.16	01:00:00	1.03409	1.03409	1.03264	1.03302	601
2024.04.16	02:00:00	1.03302	1.03345	1.03270	1.03292	3382
2024.04.16	03:00:00	1.03292	1.03303	1.03251	1.03262	807
2024.04.16	04:00:00	1.03262	1.03267	1.03098	1.03130	1742
2024.04.16	05:00:00	1.03130	1.03177	1.03117	1.03151	4073
2024.04.16	06:00:00	1.03151	1.03154	1.03087	1.03124	2739
2024.04.16	07:00:00	1.03124	1.03149	1.02955	1.02991	2194
2024.04.16	08:00:00	1.02991	1.03050	1.02969	1.03040	1807
2024.04.16	09:00:00	1.03040	1.03144	1.03033	1.03126	3507
2024.04.16	10:00:00	1.03126	1.03222	1.03064	1.03215	4794
2024.04.16	11:00:00	1.03215	1.03235	1.03192	1.03234	3826
2024.04.16	12:00:00	1.03234	1.03304	1.03194	1.03234	2115
2024.04.16	13:00:00	1.03234	1.03332	1.03205	1.03313	2399
2024.04.16	14:00:00	1.03313	1.03432	1.03281	1.03414	963
2024.04.16	15:00:00	1.03414	1.03532	1.03321	1.03482	1145
2024.04.16	16:00:00	1.03482	1.03505	1.03398	1.03420	1706
2024.04.16	17:00:00	1.03420	1.03476	1.03413	1.03430	2240
2024.04.16	18:00:00	1.03430	1.03494	1.03360	1.03454	4955
2024.04.16	19:00:00	1.03454	1.03469	1.03292	1.03338	4419
2024.04.16	20:00:00	1.03338	1.03414	1.03311	1.03364	1008
2024.04.16	21:00:00	1.03364	1.03531	1.03322	1.03502	1989
2024.04.16	22:00:00	1.03502	1.03589	1.03473	1.03539	753
2024.04.16	23:00:00	1.03539	1.03687	1.03524	1.03627	781
2024.04.17	00:00:00	1.03627	1.03682	1.03622	1.03636	2186
2024.04.17	01:00:00	1.03636	1.03654	1.03569	1.03628	4816
2024.04.17	02:00:00	1.03628	1.03652	1.03610	1.03649	1333
2024.04.17	03:00:00	1.03649	1.03672	1.03544	1.03595	3563
2024.04.17	04:00:00	1.03595	1.03665	1.03511	1.03532	2266
2024.04.17	05:00:00	1.03532	1.03671	1.03526	1.03607	2933
2024.04.17	06:00:00	1.03607	1.03709	1.03603	1.03690	4411
2024.04.17	07:00:00	1.03690	1.03768	1.03602	1.03625	4230
2024.04.17	08:00:00	1.03625	1.03700	1.03594	1.03682	4226
2024.04.17	09:00:00	1.03682	1.03688	1.03651	1.03673	2350
2024.04.17	10:00:00	1.03673	1.03708	1.03612	1.03691	718
2024.04.17	11:00:00	1.03691	1.03723	1.03639	1.03717	4933
2024.04.17	12:00:00	1.03717	1.03790	1.03690	1.03776	4972
2024.04.17	13:00:00	1.03776	1.03812	1.03742	1.03778	4359
2024.04.17	14:00:00	1.03778	1.03874	1.03737	1.03863	2647
2024.04.17	15:00:00	1.03863	1.03905	1.03849	1.03879	1762
2024.04.17	16:00:00	1.03879	1.03916	1.03876	1.03914	1285
2024.04.17	17:00:00	1.03914	1.03930	1.03789	1.03859	2169
2024.04.17	18:00:00	1.03859	1.04060	1.03840	1.03991	2004
2024.04.17	19:00:00	1.03991	1.04049	1.03939	1.04017	1740
2024.04.17	20:00:00	1.04017	1.04107	1.03994	1.04058	4776
2024.04.17	21:00:00	1.04058	1.04083	1.03928	1.03955	3467
2024.04.17	22:00:00	1.03955	1.03976	1.03869	1.03901	1503
2024.04.17	23:00:00	1.03901	1.03984	1.03889	1.03975	3376
2024.04.18	00:00:00	1.03975	1.03995	1.03969	1.03989	3672
2024.04.18	01:00:00	1.03989	1.04030	1.03849	1.03867	2851
2024.04.18	02:00:00	1.03867	1.03979	1.03843	1.03929	4760
2024.04.18	03:00:00	1.03929	1.03964	1.03848	1.03892	4846
2024.04.18	04:00:00	1.03892	1.03989	1.03846	1.03976	2444
2024.04.18	05:00:00	1.03976	1.04002	1.03959	1.03968	2625
2024.04.18	06:00:00	1.03968	1.03986	1.03953	1.03978	1476
2024.04.18	07:00:00	1.03978	1.04077	1.03974	1.04048	4026
2024.04.18	08:00:00	1.04048	1.04102	1.03954	1.03989	4689
2024.04.18	09:00:00	1.03989	1.03995	1.03885	1.03924	3461
2024.04.18	10:00:00	1.03924	1.03926	1.03853	1.03908	1404
2024.04.18	11:00:00	1.03908	1.03982	1.03891	1.03957	2831
2024.04.18	12:00:00	1.03957	1.03982	1.03866	1.03871	4075
2024.04.18	13:00:00	1.03871	1.03971	1.03754	1.03764	689
2024.04.18	14:00:00	1.03764	1.03855	1.03694	1.03812	3155
2024.04.18	15:00:00	1.03812	1.03814	1.03718	1.03771	3458
2024.04.18	16:00:00	1.03771	1.03774	1.03731	1.03744	2915
2024.04.18	17:00:00	1.03744	1.03811	1.03605	1.03625	3391
2024.04.18	18:00:00	1.03625	1.03648	1.03553	1.03580	4531
2024.04.18	19:00:00	1.03580	1.03583	1.03526	1.03576	1061
2024.04.18	20:00:00	1.03576	1.03632	1.03539	1.03631	3068
2024.04.18	21:00:00	1.03631	1.03675	1.03518	1.03580	4081
2024.04.18	22:00:00	1.03580	1.03703	1.03568	1.03680	4198
2024.04.18	23:00:00	1.03680	1.03685	1.03611	1.03634	2601
2024.04.19	00:00:00	1.03634	1.03678	1.03584	1.03589	4988
2024.04.19	01:00:00	1.03589	1.03738	1.03545	1.03681	1958
2024.04.19	02:00:00	1.03681	1.03707	1.03644	1.03691	2483
2024.04.19	03:00:00	1.03691	1.03719	1.03595	1.03654	4207
2024.04.19	04:00:00	1.03654	1.03658	1.03576	1.03641	2476
2024.04.19	05:00:00	1.03641	1.03742	1.03602	1.03722	2045
2024.04.19	06:00:00	1.03722	1.03820	1.03716	1.03810	3000
2024.04.19	07:00:00	1.03810	1.03832	1.03709	1.03756	3298
2024.04.19	08:00:00	1.03756	1.03782	1.03708	1.03750	4864
2024.04.19	09:00:00	1.03750	1.03767	1.03731	1.03753	3280
2024.04.19	10:00:00	1.03753	1.03767	1.03630	1.03688	1333
2024.04.19	11:00:00	1.03688	1.03707	1.03673	1.03682	737
2024.04.19	12:00:00	1.03682	1.03735	1.03554	1.03679	4853
2024.04.19	13:00:00	1.03679	1.03750	1.03678	1.03747	2402
2024.04.19	14:00:00	1.03747	1.03826	1.03717	1.03819	1406
2024.04.19	15:00:00	1.03819	1.03832	1.03755	1.03795	1502
2024.04.19	16:00:00	1.03795	1.03803	1.03708	1.03779	977
2024.04.19	17:00:00	1.03779	1.03847	1.03745	1.03817	1398
2024.04.19	18:00:00	1.03817	1.03845	1.03721	1.03778	4011
2024.04.19	19:00:00	1.03778	1.03833	1.03768	1.03811	3447
2024.04.19	20:00:00	1.03811	1.03821	1.03752	1.03803	3199
2024.04.19	21:00:00	1.03803	1.03825	1.03705	1.03739	551
2024.04.19	22:00:00	1.03739	1.03781	1.03670	1.03677	3525
2024.04.19	23:00:00	1.03677	1.03787	1.03665	1.03763	4860
2024.04.20	00:00:00	1.03763	1.03764	1.03695	1.03751	4654
2024.04.20	01:00:00	1.03751	1.03881	1.03738	1.03850	2279
2024.04.20	02:00:00	1.03850	1.03853	1.03790	1.03815	3201
2024.04.20	03:00:00	1.03815	1.03868	1.03812	1.03830	1844
2024.04.20	04:00:00	1.03830	1.04042	1.03762	1.03976	4498
2024.04.20	05:00:00	1.03976	1.04008	1.03814	1.03907	4639
2024.04.20	06:00:00	1.03907	1.03926	1.03752	1.03785	1504
2024.04.20	07:00:00	1.03785	1.03896	1.03770	1.03862	2690
2024.04.20	08:00:00	1.03862	1.03906	1.03797	1.03808	1563
2024.04.20	09:00:00	1.03808	1.03825	1.03770	1.03803	3264
2024.04.20	10:00:00	1.03803	1.03858	1.03708	1.03764	1817
2024.04.20	11:00:00	1.03764	1.03793	1.03742	1.03777	3631
2024.04.20	12:00:00	1.03777	1.03786	1.03638	1.03715	4916
2024.04.20	13:00:00	1.03715	1.03758	1.03680	1.03701	4421
2024.04.20	14:00:00	1.03701	1.03798	1.03688	1.03725	1319
2024.04.20	15:00:00	1.03725	1.03804	1.03650	1.03660	1083
2024.04.20	16:00:00	1.03660	1.03757	1.03562	1.03613	4166
2024.04.20	17:00:00	1.03613	1.03721	1.03550	1.03588	867
2024.04.20	18:00:00	1.03588	1.03592	1.03399	1.03496	2300
2024.04.20	19:00:00	1.03496	1.03525	1.03444	1.03467	4971
2024.04.20	20:00:00	1.03467	1.03482	1.03466	1.03471	2516
2024.04.20	21:00:00	1.03471	1.03488	1.03412	1.03443	539
2024.04.20	22:00:00	1.03443	1.03476	1.03405	1.03423	4888
2024.04.20	23:00:00	1.03423	1.03428	1.03346	1.03419	3686
2024.04.21	00:00:00	1.03419	1.03456	1.03331	1.03375	1988
2024.04.21	01:00:00	1.03375	1.03422	1.03348	1.03415	3249
2024.04.21	02:00:00	1.03415	1.03522	1.03396	1.03501	3255
2024.04.21	03:00:00	1.03501	1.03549	1.03418	1.03469	2986
2024.04.21	04:00:00	1.03469	1.03562	1.03441	1.03496	4824
2024.04.21	05:00:00	1.03496	1.03576	1.03468	1.03478	4036
2024.04.21	06:00:00	1.03478	1.03524	1.03400	1.03498	1665
2024.04.21	07:00:00	1.03498	1.03598	1.03494	1.03592	4966
2024.04.21	08:00:00	1.03592	1.03636	1.03574	1.03621	4831
2024.04.21	09:00:00	1.03621	1.03642	1.03469	1.03507	710
2024.04.21	10:00:00	1.03507	1.03603	1.03504	1.03532	1837
2024.04.21	11:00:00	1.03532	1.03629	1.03517	1.03606	3265
2024.04.21	12:00:00	1.03606	1.03667	1.03509	1.03589	4452
2024.04.21	13:00:00	1.03589	1.03703	1.03589	1.03648	3725
2024.04.21	14:00:00	1.03648	1.03664	1.03573	1.03602	3083
2024.04.21	15:00:00	1.03602	1.03612	1.03485	1.03506	1876
2024.04.21	16:00:00	1.03506	1.03581	1.03479	1.03512	935
2024.04.21	17:00:00	1.03512	1.03545	1.03342	1.03400	4517
2024.04.21	18:00:00	1.03400	1.03443	1.03363	1.03382	2896
2024.04.21	19:00:00	1.03382	1.03518	1.03334	1.03459	2556
2024.04.21	20:00:00	1.03459	1.03531	1.03313	1.03337	4909
2024.04.21	21:00:00	1.03337	1.03347	1.03205	1.03255	1240
2024.04.21	22:00:00	1.03255	1.03272	1.03163	1.03188	1642
2024.04.21	23:00:00	1.03188	1.03237	1.03152	1.03181	4344
2024.04.22	00:00:00	1.03181	1.03206	1.03094	1.03155	1779
2024.04.22	01:00:00	1.03155	1.03258	1.03154	1.03238	4743
2024.04.22	02:00:00	1.03238	1.03338	1.03199	1.03294	4360
2024.04.22	03:00:00	1.03294	1.03334	1.03273	1.03322	947
2024.04.22	04:00:00	1.03322	1.03347	1.03317	1.03328	2559
2024.04.22	05:00:00	1.03328	1.03362	1.03298	1.03349	3882
2024.04.22	06:00:00	1.03349	1.03387	1.03219	1.03293	2703
2024.04.22	07:00:00	1.03293	1.03374	1.03267	1.03343	1467
2024.04.22	08:00:00	1.03343	1.03412	1.03232	1.03271	702
2024.04.22	09:00:00	1.03271	1.03372	1.03230	1.03319	530
2024.04.22	10:00:00	1.03319	1.03454	1.03280	1.03390	1302
2024.04.22	11:00:00	1.03390	1.03440	1.03345	1.03400	1672
2024.04.22	12:00:00	1.03400	1.03400	1.03364	1.03386	1858
2024.04.22	13:00:00	1.03386	1.03427	1.03300	1.03408	4347
2024.04.22	14:00:00	1.03408	1.03421	1.03200	1.03227	2788
2024.04.22	15:00:00	1.03227	1.03275	1.03205	1.03243	1135
2024.04.22	16:00:00	1.03243	1.03303	1.03230	1.03233	874
2024.04.22	17:00:00	1.03233	1.03280	1.03219	1.03226	1088
2024.04.22	18:00:00	1.03226	1.03283	1.03205	1.03267	1910
2024.04.22	19:00:00	1.03267	1.03274	1.03219	1.03259	3825
2024.04.22	20:00:00	1.03259	1.03291	1.03172	1.03186	722
2024.04.22	21:00:00	1.03186	1.03225	1.03150	1.03174	2328
2024.04.22	22:00:00	1.03174	1.03221	1.03167	1.03175	2514
2024.04.22	23:00:00	1.03175	1.03196	1.03154	1.03179	1168
2024.04.23	00:00:00	1.03179	1.03196	1.03160	1.03186	763
2024.04.23	01:00:00	1.03186	1.03323	1.03149	1.03247	1535
2024.04.23	02:00:00	1.03247	1.03249	1.03162	1.03177	1183
2024.04.23	03:00:00	1.03177	1.03245	1.03145	1.03184	4075
2024.04.23	04:00:00	1.03184	1.03306	1.03138	1.03261	4625
2024.04.23	05:00:00	1.03261	1.03285	1.03134	1.03151	3304
2024.04.23	06:00:00	1.03151	1.03215	1.03112	1.03159	3913
2024.04.23	07:00:00	1.03159	1.03177	1.03087	1.03119	3924
2024.04.23	08:00:00	1.03119	1.03212	1.03076	1.03093	4449
2024.04.23	09:00:00	1.03093	1.03138	1.03027	1.03034	939
2024.04.23	10:00:00	1.03034	1.03043	1.03016	1.03021	4986
2024.04.23	11:00:00	1.03021	1.03205	1.02976	1.03132	2561
2024.04.23	12:00:00	1.03132	1.03201	1.03005	1.03050	2943
2024.04.23	13:00:00	1.03050	1.03087	1.02891	1.02975	4086
2024.04.23	14:00:00	1.02975	1.02979	1.02767	1.02891	2722
2024.04.23	15:00:00	1.02891	1.03008	1.02886	1.02995	1696
2024.04.23	16:00:00	1.02995	1.03050	1.02871	1.02963	585
2024.04.23	17:00:00	1.02963	1.02987	1.02887	1.02959	1261
2024.04.23	18:00:00	1.02959	1.02986	1.02892	1.02931	879
2024.04.23	19:00:00	1.02931	1.03002	1.02863	1.02869	2218
2024.04.23	20:00:00	1.02869	1.02910	1.02793	1.02852	4005
2024.04.23	21:00:00	1.02852	1.03024	1.02799	1.03000	2000
2024.04.23	22:00:00	1.03000	1.03124	1.02953	1.03083	3187
2024.04.23	23:00:00	1.03083	1.03138	1.03019	1.03028	1334
2024.04.24	00:00:00	1.03028	1.03123	1.03020	1.03065	3156
2024.04.24	01:00:00	1.03065	1.03096	1.03000	1.03010	4792
2024.04.24	02:00:00	1.03010	1.03069	1.02871	1.02897	1919
2024.04.24	03:00:00	1.02897	1.02978	1.02884	1.02957	2673
2024.04.24	04:00:00	1.02957	1.03039	1.02956	1.03026	4833
2024.04.24	05:00:00	1.03026	1.03100	1.02982	1.03087	3236
2024.04.24	06:00:00	1.03087	1.03114	1.03001	1.03055	2296
2024.04.24	07:00:00	1.03055	1.03056	1.02982	1.03042	1044
2024.04.24	08:00:00	1.03042	1.03100	1.03016	1.03085	4717
2024.04.24	09:00:00	1.03085	1.03134	1.03071	1.03106	3245
2024.04.24	10:00:00	1.03106	1.03112	1.03004	1.03079	756
2024.04.24	11:00:00	1.03079	1.03111	1.02973	1.02975	2998
2024.04.24	12:00:00	1.02975	1.03003	1.02926	1.02979	4857
2024.04.24	13:00:00	1.02979	1.03046	1.02913	1.03043	4693
2024.04.24	14:00:00	1.03043	1.03063	1.02943	1.02966	1380
2024.04.24	15:00:00	1.02966	1.03020	1.02939	1.03002	2355
2024.04.24	16:00:00	1.03002	1.03068	1.02959	1.03020	4938
2024.04.24	17:00:00	1.03020	1.03132	1.02982	1.03063	4019
2024.04.24	18:00:00	1.03063	1.03176	1.03060	1.03114	3020
2024.04.24	19:00:00	1.03114	1.03149	1.03046	1.03068	1868
2024.04.24	20:00:00	1.03068	1.03083	1.02960	1.02965	3932
2024.04.24	21:00:00	1.02965	1.02977	1.02914	1.02929	3105
2024.04.24	22:00:00	1.02929	1.03036	1.02876	1.02981	2857
2024.04.24	23:00:00	1.02981	1.02995	1.02922	1.02944	4671
2024.04.25	00:00:00	1.02944	1.02969	1.02879	1.02898	2197
2024.04.25	01:00:00	1.02898	1.02973	1.02769	1.02783	3312
2024.04.25	02:00:00	1.02783	1.02890	1.02746	1.02888	696
2024.04.25	03:00:00	1.02888	1.03006	1.02861	1.02936	3700
2024.04.25	04:00:00	1.02936	1.03036	1.02922	1.02980	2962
2024.04.25	05:00:00	1.02980	1.03057	1.02954	1.03037	4441
2024.04.25	06:00:00	1.03037	1.03152	1.03009	1.03069	1998
2024.04.25	07:00:00	1.03069	1.03070	1.02991	1.03051	4664
2024.04.25	08:00:00	1.03051	1.03062	1.03036	1.03038	3090
2024.04.25	09:00:00	1.03038	1.03085	1.03002	1.03008	1437
2024.04.25	10:00:00	1.03008	1.03211	1.02971	1.03168	1221
2024.04.25	11:00:00	1.03168	1.03230	1.03149	1.03200	1381
2024.04.25	12:00:00	1.03200	1.03203	1.03114	1.03168	1858
2024.04.25	13:00:00	1.03168	1.03243	1.03148	1.03193	2977
2024.04.25	14:00:00	1.03193	1.03256	1.03120	1.03128	4407
2024.04.25	15:00:00	1.03128	1.03264	1.03079	1.03218	4979
2024.04.25	16:00:00	1.03218	1.03219	1.03154	1.03174	3551
2024.04.25	17:00:00	1.03174	1.03248	1.03117	1.03202	2705
2024.04.25	18:00:00	1.03202	1.03326	1.03137	1.03265	3259
2024.04.25	19:00:00	1.03265	1.03300	1.03224	1.03285	1989
2024.04.25	20:00:00	1.03285	1.03332	1.03184	1.03288	1601
2024.04.25	21:00:00	1.03288	1.03359	1.03270	1.03286	2917
2024.04.25	22:00:00	1.03286	1.03312	1.03205	1.03279	4223
2024.04.25	23:00:00	1.03279	1.03337	1.03227	1.03240	789
2024.04.26	00:00:00	1.03240	1.03265	1.03206	1.03209	998
2024.04.26	01:00:00	1.03209	1.03328	1.03179	1.03298	1297
2024.04.26	02:00:00	1.03298	1.03313	1.03219	1.03288	1444
2024.04.26	03:00:00	1.03288	1.03302	1.03233	1.03236	1170
2024.04.26	04:00:00	1.03236	1.03265	1.03199	1.03201	1085
2024.04.26	05:00:00	1.03201	1.03269	1.03127	1.03266	625
2024.04.26	06:00:00	1.03266	1.03382	1.03217	1.03305	2067
2024.04.26	07:00:00	1.03305	1.03351	1.03290	1.03337	3749
2024.04.26	08:00:00	1.03337	1.03352	1.03281	1.03318	1206
2024.04.26	09:00:00	1.03318	1.03413	1.03276	1.03350	1964
2024.04.26	10:00:00	1.03350	1.03411	1.03262	1.03307	4879
2024.04.26	11:00:00	1.03307	1.03326	1.03287	1.03288	1258
2024.04.26	12:00:00	1.03288	1.03387	1.03266	1.03345	4942
2024.04.26	13:00:00	1.03345	1.03401	1.03324	1.03396	2805
2024.04.26	14:00:00	1.03396	1.03421	1.03310	1.03332	3758
2024.04.26	15:00:00	1.03332	1.03359	1.03257	1.03276	1955
2024.04.26	16:00:00	1.03276	1.03296	1.03225	1.03277	1960
2024.04.26	17:00:00	1.03277	1.03423	1.03267	1.03379	2268
2024.04.26	18:00:00	1.03379	1.03410	1.03241	1.03255	1075
2024.04.26	19:00:00	1.03255	1.03299	1.03225	1.03268	1919
2024.04.26	20:00:00	1.03268	1.03283	1.03171	1.03177	4524
2024.04.26	21:00:00	1.03177	1.03191	1.03123	1.03133	517
2024.04.26	22:00:00	1.03133	1.03151	1.03083	1.03105	3074
2024.04.26	23:00:00	1.03105	1.03107	1.03068	1.03074	3597
2024.04.27	00:00:00	1.03074	1.03117	1.02949	1.03036	1136
2024.04.27	01:00:00	1.03036	1.03046	1.02946	1.03031	998
2024.04.27	02:00:00	1.03031	1.03033	1.02951	1.02993	2986
2024.04.27	03:00:00	1.02993	1.03014	1.02861	1.02897	1486
2024.04.27	04:00:00	1.02897	1.02942	1.02855	1.02940	4901
2024.04.27	05:00:00	1.02940	1.02987	1.02898	1.02982	1356
2024.04.27	06:00:00	1.02982	1.03053	1.02966	1.03029	1089
2024.04.27	07:00:00	1.03029	1.03034	1.02919	1.02928	1991
2024.04.27	08:00:00	1.02928	1.02982	1.02848	1.02942	1993
2024.04.27	09:00:00	1.02942	1.03072	1.02941	1.02978	1220
2024.04.27	10:00:00	1.02978	1.03021	1.02881	1.02909	3492
2024.04.27	11:00:00	1.02909	1.02920	1.02884	1.02905	2061
2024.04.27	12:00:00	1.02905	1.02952	1.02869	1.02892	2871
2024.04.27	13:00:00	1.02892	1.03080	1.02850	1.03001	1594
2024.04.27	14:00:00	1.03001	1.03217	1.02967	1.03115	933
2024.04.27	15:00:00	1.03115	1.03131	1.02953	1.03007	775
2024.04.27	16:00:00	1.03007	1.03211	1.02983	1.03156	737
2024.04.27	17:00:00	1.03156	1.03165	1.03075	1.03094	4417
2024.04.27	18:00:00	1.03094	1.03158	1.03051	1.03150	1689
2024.04.27	19:00:00	1.03150	1.03241	1.03113	1.03205	1875
2024.04.27	20:00:00	1.03205	1.03250	1.03121	1.03138	3106
2024.04.27	21:00:00	1.03138	1.03179	1.03041	1.03163	928
2024.04.27	22:00:00	1.03163	1.03164	1.03142	1.03151	3203
2024.04.27	23:00:00	1.03151	1.03194	1.03131	1.03181	2846
2024.04.28	00:00:00	1.03181	1.03210	1.03149	1.03190	4061
2024.04.28	01:00:00	1.03190	1.03314	1.03173	1.03259	1054
2024.04.28	02:00:00	1.03259	1.03263	1.03230	1.03258	576
2024.04.28	03:00:00	1.03258	1.03329	1.03224	1.03243	3978
2024.04.28	04:00:00	1.03243	1.03337	1.03233	1.03305	2165
2024.04.28	05:00:00	1.03305	1.03366	1.03246	1.03336	777
2024.04.28	06:00:00	1.03336	1.03379	1.03303	1.03376	3003
2024.04.28	07:00:00	1.03376	1.03389	1.03301	1.03330	2590
2024.04.28	08:00:00	1.03330	1.03355	1.03215	1.03260	4779
2024.04.28	09:00:00	1.03260	1.03272	1.03160	1.03220	4747
2024.04.28	10:00:00	1.03220	1.03326	1.03164	1.03176	2925
2024.04.28	11:00:00	1.03176	1.03342	1.03168	1.03220	1215
2024.04.28	12:00:00	1.03220	1.03326	1.03168	1.03275	3865
2024.04.28	13:00:00	1.03275	1.03324	1.03218	1.03260	1406
2024.04.28	14:00:00	1.03260	1.03419	1.03164	1.03344	4270
2024.04.28	15:00:00	1.03344	1.03424	1.03341	1.03423	3202
2024.04.28	16:00:00	1.03423	1.03485	1.03413	1.03433	2094
2024.04.28	17:00:00	1.03433	1.03450	1.03325	1.03377	4909
2024.04.28	18:00:00	1.03377	1.03470	1.03349	1.03470	2814
2024.04.28	19:00:00	1.03470	1.03510	1.03456	1.03461	2236
2024.04.28	20:00:00	1.03461	1.03529	1.03435	1.03463	1350
2024.04.28	21:00:00	1.03463	1.03553	1.03392	1.03437	3418
2024.04.28	22:00:00	1.03437	1.03456	1.03363	1.03377	1714
2024.04.28	23:00:00	1.03377	1.03377	1.03272	1.03281	1185
2024.04.29	00:00:00	1.03281	1.03366	1.03275	1.03315	1032
2024.04.29	01:00:00	1.03315	1.03376	1.03234	1.03261	3386
2024.04.29	02:00:00	1.03261	1.03448	1.03213	1.03445	4644
2024.04.29	03:00:00	1.03445	1.03457	1.03291	1.03373	1636
2024.04.29	04:00:00	1.03373	1.03392	1.03245	1.03290	1478
2024.04.29	05:00:00	1.03290	1.03340	1.03261	1.03316	3259
2024.04.29	06:00:00	1.03316	1.03412	1.03201	1.03406	1143
2024.04.29	07:00:00	1.03406	1.03464	1.03378	1.03405	898
2024.04.29	08:00:00	1.03405	1.03479	1.03330	1.03435	3368
2024.04.29	09:00:00	1.03435	1.03439	1.03295	1.03316	2862
2024.04.29	10:00:00	1.03316	1.03362	1.03216	1.03268	628
2024.04.29	11:00:00	1.03268	1.03276	1.03188	1.03197	1568
2024.04.29	12:00:00	1.03197	1.03202	1.03041	1.03074	1392
2024.04.29	13:00:00	1.03074	1.03125	1.03000	1.03076	3567
2024.04.29	14:00:00	1.03076	1.03107	1.02918	1.02933	3495
2024.04.29	15:00:00	1.02933	1.02968	1.02825	1.02846	3864
2024.04.29	16:00:00	1.02846	1.02865	1.02744	1.02808	946
2024.04.29	17:00:00	1.02808	1.02808	1.02734	1.02751	4316
2024.04.29	18:00:00	1.02751	1.02775	1.02704	1.02770	1441
2024.04.29	19:00:00	1.02770	1.02852	1.02752	1.02784	4965
2024.04.29	20:00:00	1.02784	1.02843	1.02722	1.02834	4423
2024.04.29	21:00:00	1.02834	1.02907	1.02806	1.02875	2567
2024.04.29	22:00:00	1.02875	1.02956	1.02839	1.02941	4035
2024.04.29	23:00:00	1.02941	1.02950	1.02925	1.02935	3517
2024.04.30	00:00:00	1.02935	1.02956	1.02926	1.02949	3981
2024.04.30	01:00:00	1.02949	1.02981	1.02928	1.02976	582
2024.04.30	02:00:00	1.02976	1.03020	1.02907	1.02979	877
2024.04.30	03:00:00	1.02979	1.02981	1.02922	1.02949	4572
2024.04.30	04:00:00	1.02949	1.02989	1.02868	1.02924	4016
2024.04.30	05:00:00	1.02924	1.02966	1.02853	1.02868	3270
2024.04.30	06:00:00	1.02868	1.02904	1.02864	1.02889	1905
2024.04.30	07:00:00	1.02889	1.02944	1.02872	1.02878	2396
2024.04.30	08:00:00	1.02878	1.02916	1.02743	1.02832	2268
2024.04.30	09:00:00	1.02832	1.02836	1.02786	1.02786	2454
2024.04.30	10:00:00	1.02786	1.02820	1.02663	1.02706	3327
2024.04.30	11:00:00	1.02706	1.02765	1.02682	1.02761	3910
2024.04.30	12:00:00	1.02761	1.02810	1.02751	1.02761	2226
2024.04.30	13:00:00	1.02761	1.02803	1.02702	1.02703	4250
2024.04.30	14:00:00	1.02703	1.02806	1.02672	1.02748	907
2024.04.30	15:00:00	1.02748	1.02790	1.02700	1.02708	4135
2024.04.30	16:00:00	1.02708	1.02762	1.02581	1.02616	3544
2024.04.30	17:00:00	1.02616	1.02703	1.02584	1.02674	2797
2024.04.30	18:00:00	1.02674	1.02693	1.02636	1.02636	2187
2024.04.30	19:00:00	1.02636	1.02669	1.02577	1.02605	2170
2024.04.30	20:00:00	1.02605	1.02636	1.02570	1.02603	2122
2024.04.30	21:00:00	1.02603	1.02709	1.02559	1.02668	4754
2024.04.30	22:00:00	1.02668	1.02670	1.02661	1.02664	620
2024.04.30	23:00:00	1.02664	1.02666	1.02579	1.02585	3353
2024.05.01	00:00:00	1.02585	1.02707	1.02505	1.02613	4950
2024.05.01	01:00:00	1.02613	1.02639	1.02564	1.02578	2946
2024.05.01	02:00:00	1.02578	1.02713	1.02564	1.02690	3376
2024.05.01	03:00:00	1.02690	1.02717	1.02615	1.02684	3192
2024.05.01	04:00:00	1.02684	1.02770	1.02519	1.02542	2776
2024.05.01	05:00:00	1.02542	1.02624	1.02497	1.02559	3334
2024.05.01	06:00:00	1.02559	1.02707	1.02510	1.02673	4565
2024.05.01	07:00:00	1.02673	1.02775	1.02668	1.02765	3708
2024.05.01	08:00:00	1.02765	1.02890	1.02716	1.02873	4322
2024.05.01	09:00:00	1.02873	1.02886	1.02769	1.02805	2989
2024.05.01	10:00:00	1.02805	1.02908	1.02766	1.02856	3980
2024.05.01	11:00:00	1.02856	1.02912	1.02777	1.02806	4439
2024.05.01	12:00:00	1.02806	1.02872	1.02795	1.02815	1453
2024.05.01	13:00:00	1.02815	1.02823	1.02718	1.02731	4368
2024.05.01	14:00:00	1.02731	1.02773	1.02647	1.02687	3589
2024.05.01	15:00:00	1.02687	1.02688	1.02569	1.02640	2490
2024.05.01	16:00:00	1.02640	1.02729	1.02614	1.02690	3983
2024.05.01	17:00:00	1.02690	1.02788	1.02676	1.02734	1258
2024.05.01	18:00:00	1.02734	1.02755	1.02718	1.02746	3642
2024.05.01	19:00:00	1.02746	1.02776	1.02656	1.02658	3094
2024.05.01	20:00:00	1.02658	1.02666	1.02627	1.02633	4496
2024.05.01	21:00:00	1.02633	1.02689	1.02566	1.02582	3293
2024.05.01	22:00:00	1.02582	1.02663	1.02553	1.02631	2865
2024.05.01	23:00:00	1.02631	1.02703	1.02599	1.02698	2855
2024.05.02	00:00:00	1.02698	1.02766	1.02640	1.02758	2996
2024.05.02	01:00:00	1.02758	1.02816	1.02703	1.02707	4507
2024.05.02	02:00:00	1.02707	1.02724	1.02463	1.02533	4033
2024.05.02	03:00:00	1.02533	1.02562	1.02406	1.02419	918
2024.05.02	04:00:00	1.02419	1.02523	1.02399	1.02501	2895
2024.05.02	05:00:00	1.02501	1.02509	1.02452	1.02471	1793
2024.05.02	06:00:00	1.02471	1.02475	1.02341	1.02420	1240
2024.05.02	07:00:00	1.02420	1.02549	1.02342	1.02516	4396
2024.05.02	08:00:00	1.02516	1.02670	1.02425	1.02589	4358
2024.05.02	09:00:00	1.02589	1.02611	1.02576	1.02585	4727
2024.05.02	10:00:00	1.02585	1.02599	1.02548	1.02562	2272
2024.05.02	11:00:00	1.02562	1.02567	1.02492	1.02549	2416
2024.05.02	12:00:00	1.02549	1.02605	1.02509	1.02558	4001
2024.05.02	13:00:00	1.02558	1.02729	1.02556	1.02651	1366
2024.05.02	14:00:00	1.02651	1.02702	1.02648	1.02672	744
2024.05.02	15:00:00	1.02672	1.02767	1.02594	1.02711	2391
2024.05.02	16:00:00	1.02711	1.02809	1.02708	1.02778	3331
2024.05.02	17:00:00	1.02778	1.02847	1.02667	1.02701	2552
2024.05.02	18:00:00	1.02701	1.02816	1.02692	1.02742	1450
2024.05.02	19:00:00	1.02742	1.02781	1.02672	1.02719	2838
2024.05.02	20:00:00	1.02719	1.02747	1.02514	1.02559	4741
2024.05.02	21:00:00	1.02559	1.02567	1.02397	1.02423	1734
2024.05.02	22:00:00	1.02423	1.02425	1.02292	1.02355	2300
2024.05.02	23:00:00	1.02355	1.02396	1.02354	1.02383	1906
2024.05.03	00:00:00	1.02383	1.02410	1.02381	1.02385	1821
2024.05.03	01:00:00	1.02385	1.02420	1.02381	1.02391	3450
2024.05.03	02:00:00	1.02391	1.02513	1.02388	1.02506	2185
2024.05.03	03:00:00	1.02506	1.02600	1.02317	1.02423	3298
2024.05.03	04:00:00	1.02423	1.02492	1.02408	1.02416	588
2024.05.03	05:00:00	1.02416	1.02438	1.02361	1.02429	3479
2024.05.03	06:00:00	1.02429	1.02448	1.02314	1.02379	974
2024.05.03	07:00:00	1.02379	1.02437	1.02312	1.02376	2197
2024.05.03	08:00:00	1.02376	1.02388	1.02238	1.02272	4426
2024.05.03	09:00:00	1.02272	1.02412	1.02263	1.02354	2014
2024.05.03	10:00:00	1.02354	1.02403	1.02267	1.02307	3641
2024.05.03	11:00:00	1.02307	1.02522	1.02281	1.02426	2081
2024.05.03	12:00:00	1.02426	1.02470	1.02342	1.02419	4560
2024.05.03	13:00:00	1.02419	1.02486	1.02392	1.02477	4780
2024.05.03	14:00:00	1.02477	1.02534	1.02375	1.02469	4590
2024.05.03	15:00:00	1.02469	1.02516	1.02421	1.02462	2278
2024.05.03	16:00:00	1.02462	1.02474	1.02361	1.02421	1928
2024.05.03	17:00:00	1.02421	1.02481	1.02355	1.02423	3227
2024.05.03	18:00:00	1.02423	1.02512	1.02382	1.02438	4175
2024.05.03	19:00:00	1.02438	1.02460	1.02336	1.02384	2852
2024.05.03	20:00:00	1.02384	1.02406	1.02369	1.02372	3821
2024.05.03	21:00:00	1.02372	1.02450	1.02246	1.02329	4442
2024.05.03	22:00:00	1.02329	1.02528	1.02328	1.02465	3884
2024.05.03	23:00:00	1.02465	1.02529	1.02430	1.02454	2161
2024.05.04	00:00:00	1.02454	1.02567	1.02449	1.02544	1624
2024.05.04	01:00:00	1.02544	1.02562	1.02520	1.02527	2453
2024.05.04	02:00:00	1.02527	1.02587	1.02489	1.02538	3088
2024.05.04	03:00:00	1.02538	1.02582	1.02412	1.02452	4292
2024.05.04	04:00:00	1.02452	1.02468	1.02346	1.02419	1852
2024.05.04	05:00:00	1.02419	1.02471	1.02344	1.02427	1224
2024.05.04	06:00:00	1.02427	1.02549	1.02427	1.02519	1919
2024.05.04	07:00:00	1.02519	1.02554	1.02508	1.02528	3174
2024.05.04	08:00:00	1.02528	1.02656	1.02489	1.02608	1544
2024.05.04	09:00:00	1.02608	1.02663	1.02582	1.02642	2299
2024.05.04	10:00:00	1.02642	1.02751	1.02572	1.02737	1655
2024.05.04	11:00:00	1.02737	1.02748	1.02667	1.02728	4936
2024.05.04	12:00:00	1.02728	1.02872	1.02710	1.02871	2806
2024.05.04	13:00:00	1.02871	1.02899	1.02814	1.02836	3746
2024.05.04	14:00:00	1.02836	1.02879	1.02762	1.02783	2841
2024.05.04	15:00:00	1.02783	1.02796	1.02638	1.02704	547
2024.05.04	16:00:00	1.02704	1.02884	1.02622	1.02842	1687
2024.05.04	17:00:00	1.02842	1.02891	1.02833	1.02888	4277
2024.05.04	18:00:00	1.02888	1.02906	1.02835	1.02862	2800
2024.05.04	19:00:00	1.02862	1.02992	1.02858	1.02934	3664
2024.05.04	20:00:00	1.02934	1.03007	1.02908	1.02971	3927
2024.05.04	21:00:00	1.02971	1.03116	1.02960	1.03087	3024
2024.05.04	22:00:00	1.03087	1.03096	1.02960	1.02987	3098
2024.05.04	23:00:00	1.02987	1.03017	1.02956	1.02965	1562
2024.05.05	00:00:00	1.02965	1.02993	1.02896	1.02931	1621
2024.05.05	01:00:00	1.02931	1.02996	1.02786	1.02804	1171
2024.05.05	02:00:00	1.02804	1.02928	1.02786	1.02865	1839
2024.05.05	03:00:00	1.02865	1.02878	1.02809	1.02843	3327
2024.05.05	04:00:00	1.02843	1.02890	1.02830	1.02883	4677
2024.05.05	05:00:00	1.02883	1.03082	1.02867	1.03024	2479
2024.05.05	06:00:00	1.03024	1.03048	1.02958	1.02997	3209
2024.05.05	07:00:00	1.02997	1.03013	1.02932	1.02966	4377
2024.05.05	08:00:00	1.02966	1.02984	1.02943	1.02968	3548
2024.05.05	09:00:00	1.02968	1.03030	1.02906	1.03024	1680
2024.05.05	10:00:00	1.03024	1.03050	1.02977	1.02984	1765
2024.05.05	11:00:00	1.02984	1.03043	1.02938	1.02940	3368
2024.05.05	12:00:00	1.02940	1.03019	1.02933	1.03000	1795
2024.05.05	13:00:00	1.03000	1.03050	1.02954	1.03018	1619
2024.05.05	14:00:00	1.03018	1.03022	1.02840	1.02887	3163
2024.05.05	15:00:00	1.02887	1.02892	1.02761	1.02806	3363
2024.05.05	16:00:00	1.02806	1.02942	1.02805	1.02893	1639
2024.05.05	17:00:00	1.02893	1.02937	1.02858	1.02913	717
2024.05.05	18:00:00	1.02913	1.02944	1.02784	1.02861	3956
2024.05.05	19:00:00	1.02861	1.02862	1.02811	1.02845	2262
2024.05.05	20:00:00	1.02845	1.02905	1.02823	1.02841	3348
2024.05.05	21:00:00	1.02841	1.02933	1.02784	1.02881	1277
2024.05.05	22:00:00	1.02881	1.02889	1.02771	1.02792	1914
2024.05.05	23:00:00	1.02792	1.02803	1.02679	1.02735	3226
2024.05.06	00:00:00	1.02735	1.02767	1.02676	1.02747	1058
2024.05.06	01:00:00	1.02747	1.02754	1.02699	1.02736	1925
2024.05.06	02:00:00	1.02736	1.02833	1.02712	1.02766	3735
2024.05.06	03:00:00	1.02766	1.02769	1.02653	1.02685	3971
2024.05.06	04:00:00	1.02685	1.02718	1.02580	1.02702	2088
2024.05.06	05:00:00	1.02702	1.02782	1.02672	1.02764	1015
2024.05.06	06:00:00	1.02764	1.02837	1.02706	1.02789	617
2024.05.06	07:00:00	1.02789	1.02814	1.02788	1.02792	3002
2024.05.06	08:00:00	1.02792	1.02825	1.02731	1.02781	3621
2024.05.06	09:00:00	1.02781	1.02825	1.02720	1.02724	3171
2024.05.06	10:00:00	1.02724	1.02776	1.02715	1.02715	2323
2024.05.06	11:00:00	1.02715	1.02792	1.02672	1.02787	599
2024.05.06	12:00:00	1.02787	1.02833	1.02762	1.02775	1517
2024.05.06	13:00:00	1.02775	1.02861	1.02677	1.02715	661
2024.05.06	14:00:00	1.02715	1.02796	1.02670	1.02679	2580
2024.05.06	15:00:00	1.02679	1.02704	1.02658	1.02687	1887
2024.05.06	16:00:00	1.02687	1.02692	1.02653	1.02658	819
2024.05.06	17:00:00	1.02658	1.02706	1.02658	1.02683	3240
2024.05.06	18:00:00	1.02683	1.02739	1.02675	1.02710	2166
2024.05.06	19:00:00	1.02710	1.02771	1.02666	1.02760	4831
2024.05.06	20:00:00	1.02760	1.02883	1.02749	1.02843	2378
2024.05.06	21:00:00	1.02843	1.02920	1.02787	1.02899	908
2024.05.06	22:00:00	1.02899	1.02969	1.02814	1.02836	3672
2024.05.06	23:00:00	1.02836	1.02857	1.02769	1.02775	3664
2024.05.07	00:00:00	1.02775	1.02854	1.02721	1.02766	4681
2024.05.07	01:00:00	1.02766	1.02802	1.02681	1.02733	3617
2024.05.07	02:00:00	1.02733	1.02805	1.02586	1.02657	2127
2024.05.07	03:00:00	1.02657	1.02762	1.02620	1.02625	3512
2024.05.07	04:00:00	1.02625	1.02648	1.02560	1.02591	4091
2024.05.07	05:00:00	1.02591	1.02650	1.02486	1.02544	2822
2024.05.07	06:00:00	1.02544	1.02545	1.02502	1.02520	4076
2024.05.07	07:00:00	1.02520	1.02629	1.02477	1.02587	4850
2024.05.07	08:00:00	1.02587	1.02622	1.02584	1.02594	3896
2024.05.07	09:00:00	1.02594	1.02766	1.02473	1.02741	2757
2024.05.07	10:00:00	1.02741	1.02757	1.02729	1.02747	2718
2024.05.07	11:00:00	1.02747	1.02810	1.02689	1.02724	4272
2024.05.07	12:00:00	1.02724	1.02741	1.02702	1.02719	4427
2024.05.07	13:00:00	1.02719	1.02767	1.02698	1.02729	1681
2024.05.07	14:00:00	1.02729	1.02838	1.02691	1.02751	544
2024.05.07	15:00:00	1.02751	1.02877	1.02667	1.02874	4128
2024.05.07	16:00:00	1.02874	1.02890	1.02774	1.02817	1562
2024.05.07	17:00:00	1.02817	1.02874	1.02803	1.02865	4984
2024.05.07	18:00:00	1.02865	1.02911	1.02849	1.02872	662
2024.05.07	19:00:00	1.02872	1.02887	1.02758	1.02770	4595
2024.05.07	20:00:00	1.02770	1.02815	1.02709	1.02813	3551
2024.05.07	21:00:00	1.02813	1.02933	1.02800	1.02886	1868
2024.05.07	22:00:00	1.02886	1.02977	1.02704	1.02828	656
2024.05.07	23:00:00	1.02828	1.02851	1.02725	1.02822	4307
2024.05.08	00:00:00	1.02822	1.02835	1.02703	1.02710	1037
2024.05.08	01:00:00	1.02710	1.02747	1.02614	1.02628	928
2024.05.08	02:00:00	1.02628	1.02701	1.02584	1.02687	4055
2024.05.08	03:00:00	1.02687	1.02736	1.02635	1.02653	3549
2024.05.08	04:00:00	1.02653	1.02695	1.02550	1.02580	1073
2024.05.08	05:00:00	1.02580	1.02594	1.02563	1.02589	2039
2024.05.08	06:00:00	1.02589	1.02624	1.02502	1.02552	3499
2024.05.08	07:00:00	1.02552	1.02586	1.02506	1.02518	3464
2024.05.08	08:00:00	1.02518	1.02561	1.02460	1.02558	2130
2024.05.08	09:00:00	1.02558	1.02586	1.02455	1.02481	2355
2024.05.08	10:00:00	1.02481	1.02507	1.02391	1.02421	858
2024.05.08	11:00:00	1.02421	1.02458	1.02372	1.02425	540
2024.05.08	12:00:00	1.02425	1.02481	1.02407	1.02479	4853
2024.05.08	13:00:00	1.02479	1.02592	1.02463	1.02550	1540
2024.05.08	14:00:00	1.02550	1.02618	1.02489	1.02504	4671
2024.05.08	15:00:00	1.02504	1.02590	1.02502	1.02557	690
2024.05.08	16:00:00	1.02557	1.02579	1.02441	1.02503	4954
2024.05.08	17:00:00	1.02503	1.02624	1.02482	1.02611	2422
2024.05.08	18:00:00	1.02611	1.02660	1.02527	1.02536	4127
2024.05.08	19:00:00	1.02536	1.02665	1.02527	1.02612	4280
2024.05.08	20:00:00	1.02612	1.02614	1.02521	1.02567	2083
2024.05.08	21:00:00	1.02567	1.02693	1.02493	1.02686	3820
2024.05.08	22:00:00	1.02686	1.02732	1.02625	1.02717	2003
2024.05.08	23:00:00	1.02717	1.02767	1.02613	1.02649	4050
2024.05.09	00:00:00	1.02649	1.02703	1.02606	1.02612	4815
2024.05.09	01:00:00	1.02612	1.02678	1.02587	1.02655	4132
2024.05.09	02:00:00	1.02655	1.02756	1.02654	1.02715	3775
2024.05.09	03:00:00	1.02715	1.02722	1.02682	1.02705	2173
2024.05.09	04:00:00	1.02705	1.02711	1.02670	1.02703	989
2024.05.09	05:00:00	1.02703	1.02761	1.02678	1.02744	2777
2024.05.09	06:00:00	1.02744	1.02761	1.02740	1.02747	1083
2024.05.09	07:00:00	1.02747	1.02771	1.02631	1.02663	2788
2024.05.09	08:00:00	1.02663	1.02685	1.02557	1.02607	4410
2024.05.09	09:00:00	1.02607	1.02656	1.02572	1.02617	1009
2024.05.09	10:00:00	1.02617	1.02726	1.02615	1.02686	4554
2024.05.09	11:00:00	1.02686	1.02828	1.02653	1.02781	3191
2024.05.09	12:00:00	1.02781	1.02831	1.02747	1.02824	711
2024.05.09	13:00:00	1.02824	1.02896	1.02797	1.02836	3740
2024.05.09	14:00:00	1.02836	1.02882	1.02826	1.02878	500
2024.05.09	15:00:00	1.02878	1.02885	1.02810	1.02831	3249
2024.05.09	16:00:00	1.02831	1.02877	1.02760	1.02817	2783
2024.05.09	17:00:00	1.02817	1.02831	1.02741	1.02761	3856
2024.05.09	18:00:00	1.02761	1.02817	1.02669	1.02679	2193
2024.05.09	19:00:00	1.02679	1.02718	1.02643	1.02694	1035
2024.05.09	20:00:00	1.02694	1.02707	1.02677	1.02700	2241
2024.05.09	21:00:00	1.02700	1.02803	1.02688	1.02738	3926
2024.05.09	22:00:00	1.02738	1.02780	1.02709	1.02766	4791
2024.05.09	23:00:00	1.02766	1.02778	1.02764	1.02776	1436
2024.05.10	00:00:00	1.02776	1.02826	1.02760	1.02805	2081
2024.05.10	01:00:00	1.02805	1.02821	1.02763	1.02797	4445
2024.05.10	02:00:00	1.02797	1.02850	1.02788	1.02818	1908
2024.05.10	03:00:00	1.02818	1.02849	1.02749	1.02768	1602
2024.05.10	04:00:00	1.02768	1.02807	1.02737	1.02785	4241
2024.05.10	05:00:00	1.02785	1.02822	1.02719	1.02821	2713
2024.05.10	06:00:00	1.02821	1.02827	1.02714	1.02775	3124
2024.05.10	07:00:00	1.02775	1.02783	1.02756	1.02773	2692
2024.05.10	08:00:00	1.02773	1.02790	1.02677	1.02730	3212
2024.05.10	09:00:00	1.02730	1.02744	1.02678	1.02692	1709
2024.05.10	10:00:00	1.02692	1.02792	1.02551	1.02618	3793
2024.05.10	11:00:00	1.02618	1.02721	1.02562	1.02690	2127
2024.05.10	12:00:00	1.02690	1.02773	1.02679	1.02751	2856
2024.05.10	13:00:00	1.02751	1.02911	1.02666	1.02779	1335
2024.05.10	14:00:00	1.02779	1.02912	1.02763	1.02895	550
2024.05.10	15:00:00	1.02895	1.02951	1.02864	1.02879	3065
2024.05.10	16:00:00	1.02879	1.03094	1.02872	1.03061	1124
2024.05.10	17:00:00	1.03061	1.03097	1.03024	1.03042	4608
2024.05.10	18:00:00	1.03042	1.03089	1.02974	1.03052	4816
2024.05.10	19:00:00	1.03052	1.03061	1.03001	1.03022	1924
2024.05.10	20:00:00	1.03022	1.03058	1.02992	1.03040	1799
2024.05.10	21:00:00	1.03040	1.03151	1.02985	1.03087	2786
2024.05.10	22:00:00	1.03087	1.03109	1.03070	1.03075	1418
2024.05.10	23:00:00	1.03075	1.03218	1.03018	1.03179	4378
2024.05.11	00:00:00	1.03179	1.03206	1.03161	1.03189	958
2024.05.11	01:00:00	1.03189	1.03218	1.03153	1.03201	2536
2024.05.11	02:00:00	1.03201	1.03225	1.03096	1.03139	1350
2024.05.11	03:00:00	1.03139	1.03208	1.03119	1.03160	4240
2024.05.11	04:00:00	1.03160	1.03165	1.03131	1.03146	1149
2024.05.11	05:00:00	1.03146	1.03219	1.03040	1.03104	2508
2024.05.11	06:00:00	1.03104	1.03138	1.03045	1.03051	4251
2024.05.11	07:00:00	1.03051	1.03219	1.03002	1.03211	2481
2024.05.11	08:00:00	1.03211	1.03221	1.03172	1.03189	1330
2024.05.11	09:00:00	1.03189	1.03195	1.03005	1.03094	1207
2024.05.11	10:00:00	1.03094	1.03144	1.03008	1.03046	3221
2024.05.11	11:00:00	1.03046	1.03049	1.03032	1.03037	1062
2024.05.11	12:00:00	1.03037	1.03075	1.02909	1.03066	2098
2024.05.11	13:00:00	1.03066	1.03112	1.03029	1.03095	3251
2024.05.11	14:00:00	1.03095	1.03145	1.03048	1.03132	2207
2024.05.11	15:00:00	1.03132	1.03133	1.03025	1.03087	4223
2024.05.11	16:00:00	1.03087	1.03134	1.03077	1.03103	3595
2024.05.11	17:00:00	1.03103	1.03129	1.02989	1.03043	1109
2024.05.11	18:00:00	1.03043	1.03050	1.02990	1.03000	4176
2024.05.11	19:00:00	1.03000	1.03054	1.02936	1.02938	4595
2024.05.11	20:00:00	1.02938	1.03010	1.02847	1.02859	1410
2024.05.11	21:00:00	1.02859	1.02926	1.02816	1.02920	2114
2024.05.11	22:00:00	1.02920	1.02961	1.02897	1.02957	2278
2024.05.11	23:00:00	1.02957	1.03026	1.02944	1.03013	2413
2024.05.12	00:00:00	1.03013	1.03032	1.02977	1.03010	2587
2024.05.12	01:00:00	1.03010	1.03114	1.02951	1.03053	4525
2024.05.12	02:00:00	1.03053	1.03108	1.02909	1.02939	3430
2024.05.12	03:00:00	1.02939	1.03005	1.02937	1.02987	4533
2024.05.12	04:00:00	1.02987	1.02997	1.02962	1.02993	2077
2024.05.12	05:00:00	1.02993	1.03051	1.02936	1.03026	2861
2024.05.12	06:00:00	1.03026	1.03048	1.03018	1.03045	978
2024.05.12	07:00:00	1.03045	1.03052	1.02966	1.02979	1745
2024.05.12	08:00:00	1.02979	1.02992	1.02846	1.02881	3127
2024.05.12	09:00:00	1.02881	1.02898	1.02819	1.02832	1273
2024.05.12	10:00:00	1.02832	1.02872	1.02820	1.02861	4821
2024.05.12	11:00:00	1.02861	1.02907	1.02851	1.02899	1722
2024.05.12	12:00:00	1.02899	1.02923	1.02806	1.02809	1226
2024.05.12	13:00:00	1.02809	1.02834	1.02722	1.02744	4012
2024.05.12	14:00:00	1.02744	1.02772	1.02671	1.02694	905
2024.05.12	15:00:00	1.02694	1.02730	1.02636	1.02667	1960
2024.05.12	16:00:00	1.02667	1.02690	1.02561	1.02578	1394
2024.05.12	17:00:00	1.02578	1.02599	1.02364	1.02485	3625
2024.05.12	18:00:00	1.02485	1.02528	1.02405	1.02430	4294
2024.05.12	19:00:00	1.02430	1.02470	1.02384	1.02430	1378
2024.05.12	20:00:00	1.02430	1.02469	1.02304	1.02352	2372
2024.05.12	21:00:00	1.02352	1.02380	1.02322	1.02340	2653
2024.05.12	22:00:00	1.02340	1.02450	1.02317	1.02400	3609
2024.05.12	23:00:00	1.02400	1.02423	1.02313	1.02315	2084
2024.05.13	00:00:00	1.02315	1.02322	1.02273	1.02297	2853
2024.05.13	01:00:00	1.02297	1.02395	1.02281	1.02355	2766
2024.05.13	02:00:00	1.02355	1.02388	1.02320	1.02324	551
2024.05.13	03:00:00	1.02324	1.02358	1.02267	1.02284	3064
2024.05.13	04:00:00	1.02284	1.02380	1.02266	1.02350	3055
2024.05.13	05:00:00	1.02350	1.02371	1.02286	1.02326	4959
2024.05.13	06:00:00	1.02326	1.02392	1.02280	1.02389	2795
2024.05.13	07:00:00	1.02389	1.02431	1.02386	1.02410	4549
2024.05.13	08:00:00	1.02410	1.02443	1.02377	1.02389	2071
2024.05.13	09:00:00	1.02389	1.02470	1.02332	1.02418	3631
2024.05.13	10:00:00	1.02418	1.02469	1.02388	1.02438	4557
2024.05.13	11:00:00	1.02438	1.02529	1.02408	1.02501	1191
2024.05.13	12:00:00	1.02501	1.02502	1.02428	1.02467	3051
2024.05.13	13:00:00	1.02467	1.02482	1.02455	1.02470	4635
2024.05.13	14:00:00	1.02470	1.02515	1.02440	1.02466	3002
2024.05.13	15:00:00	1.02466	1.02516	1.02378	1.02509	4516
2024.05.13	16:00:00	1.02509	1.02526	1.02434	1.02446	2389
2024.05.13	17:00:00	1.02446	1.02547	1.02404	1.02509	4490
2024.05.13	18:00:00	1.02509	1.02597	1.02447	1.02537	3329
2024.05.13	19:00:00	1.02537	1.02600	1.02386	1.02456	2655
2024.05.13	20:00:00	1.02456	1.02546	1.02386	1.02531	1467
2024.05.13	21:00:00	1.02531	1.02672	1.02494	1.02668	1268
2024.05.13	22:00:00	1.02668	1.02765	1.02639	1.02730	1799
2024.05.13	23:00:00	1.02730	1.02844	1.02717	1.02818	3894
2024.05.14	00:00:00	1.02818	1.02826	1.02769	1.02823	2606
2024.05.14	01:00:00	1.02823	1.02846	1.02669	1.02721	2248
2024.05.14	02:00:00	1.02721	1.02728	1.02528	1.02607	2600
2024.05.14	03:00:00	1.02607	1.02654	1.02520	1.02623	2050
2024.05.14	04:00:00	1.02623	1.02627	1.02574	1.02586	4132
2024.05.14	05:00:00	1.02586	1.02637	1.02512	1.02530	2258
2024.05.14	06:00:00	1.02530	1.02552	1.02518	1.02526	2624
2024.05.14	07:00:00	1.02526	1.02602	1.02508	1.02564	3015
2024.05.14	08:00:00	1.02564	1.02601	1.02414	1.02475	3408
2024.05.14	09:00:00	1.02475	1.02488	1.02414	1.02447	2000
2024.05.14	10:00:00	1.02447	1.02583	1.02443	1.02540	829
2024.05.14	11:00:00	1.02540	1.02585	1.02383	1.02474	3604
2024.05.14	12:00:00	1.02474	1.02555	1.02462	1.02527	3020
2024.05.14	13:00:00	1.02527	1.02543	1.02483	1.02498	3414
2024.05.14	14:00:00	1.02498	1.02578	1.02485	1.02531	2946
2024.05.14	15:00:00	1.02531	1.02665	1.02509	1.02599	2789
2024.05.14	16:00:00	1.02599	1.02646	1.02559	1.02644	4768
2024.05.14	17:00:00	1.02644	1.02774	1.02571	1.02700	742
2024.05.14	18:00:00	1.02700	1.02712	1.02624	1.02629	915
2024.05.14	19:00:00	1.02629	1.02742	1.02617	1.02698	4714
2024.05.14	20:00:00	1.02698	1.02736	1.02590	1.02645	4490
2024.05.14	21:00:00	1.02645	1.02678	1.02643	1.02661	2352
2024.05.14	22:00:00	1.02661	1.02771	1.02650	1.02677	2932
2024.05.14	23:00:00	1.02677	1.02752	1.02659	1.02707	2522
2024.05.15	00:00:00	1.02707	1.02747	1.02621	1.02728	4987
2024.05.15	01:00:00	1.02728	1.02781	1.02649	1.02676	2552
2024.05.15	02:00:00	1.02676	1.02693	1.02544	1.02593	3919
2024.05.15	03:00:00	1.02593	1.02683	1.02590	1.02647	2142
2024.05.15	04:00:00	1.02647	1.02678	1.02614	1.02658	2215
2024.05.15	05:00:00	1.02658	1.02768	1.02643	1.02729	3535
2024.05.15	06:00:00	1.02729	1.02748	1.02680	1.02726	2295
2024.05.15	07:00:00	1.02726	1.02765	1.02618	1.02640	562
2024.05.15	08:00:00	1.02640	1.02703	1.02594	1.02699	1278
2024.05.15	09:00:00	1.02699	1.02703	1.02663	1.02676	4430
2024.05.15	10:00:00	1.02676	1.02710	1.02660	1.02697	2150
2024.05.15	11:00:00	1.02697	1.02764	1.02586	1.02657	960
2024.05.15	12:00:00	1.02657	1.02788	1.02645	1.02759	4726
2024.05.15	13:00:00	1.02759	1.02814	1.02696	1.02705	4998
2024.05.15	14:00:00	1.02705	1.02746	1.02635	1.02684	2748
2024.05.15	15:00:00	1.02684	1.02693	1.02664	1.02691	3326
2024.05.15	16:00:00	1.02691	1.02738	1.02613	1.02623	3897
2024.05.15	17:00:00	1.02623	1.02689	1.02614	1.02644	798
2024.05.15	18:00:00	1.02644	1.02760	1.02597	1.02743	1835
2024.05.15	19:00:00	1.02743	1.02765	1.02707	1.02713	3030
2024.05.15	20:00:00	1.02713	1.02754	1.02680	1.02737	2973
2024.05.15	21:00:00	1.02737	1.02759	1.02500	1.02568	1990
2024.05.15	22:00:00	1.02568	1.02592	1.02501	1.02565	507
2024.05.15	23:00:00	1.02565	1.02640	1.02455	1.02546	4788
2024.05.16	00:00:00	1.02546	1.02565	1.02464	1.02496	3265
2024.05.16	01:00:00	1.02496	1.02585	1.02469	1.02562	3899
2024.05.16	02:00:00	1.02562	1.02589	1.02506	1.02542	2467
2024.05.16	03:00:00	1.02542	1.02601	1.02504	1.02531	2781
2024.05.16	04:00:00	1.02531	1.02550	1.02486	1.02508	2500
2024.05.16	05:00:00	1.02508	1.02549	1.02385	1.02390	2433
2024.05.16	06:00:00	1.02390	1.02414	1.02263	1.02321	3518
2024.05.16	07:00:00	1.02321	1.02466	1.02253	1.02380	4981
2024.05.16	08:00:00	1.02380	1.02390	1.02218	1.02250	3998
2024.05.16	09:00:00	1.02250	1.02280	1.02190	1.02203	3503
2024.05.16	10:00:00	1.02203	1.02249	1.02125	1.02179	554
2024.05.16	11:00:00	1.02179	1.02324	1.02168	1.02286	2812
2024.05.16	12:00:00	1.02286	1.02351	1.02270	1.02333	4800
2024.05.16	13:00:00	1.02333	1.02383	1.02293	1.02299	2290
2024.05.16	14:00:00	1.02299	1.02380	1.02259	1.02379	2972
2024.05.16	15:00:00	1.02379	1.02441	1.02326	1.02333	1960
2024.05.16	16:00:00	1.02333	1.02417	1.02289	1.02395	1360
2024.05.16	17:00:00	1.02395	1.02411	1.02271	1.02312	3674
2024.05.16	18:00:00	1.02312	1.02439	1.02290	1.02378	1910
2024.05.16	19:00:00	1.02378	1.02402	1.02296	1.02353	3145
2024.05.16	20:00:00	1.02353	1.02395	1.02224	1.02290	3170
2024.05.16	21:00:00	1.02290	1.02361	1.02200	1.02276	4316
2024.05.16	22:00:00	1.02276	1.02327	1.02213	1.02293	4721
2024.05.16	23:00:00	1.02293	1.02301	1.02215	1.02263	2991
2024.05.17	00:00:00	1.02263	1.02312	1.02238	1.02297	726
2024.05.17	01:00:00	1.02297	1.02331	1.02209	1.02261	3120
2024.05.17	02:00:00	1.02261	1.02310	1.02252	1.02299	4480
2024.05.17	03:00:00	1.02299	1.02335	1.02289	1.02326	2648
2024.05.17	04:00:00	1.02326	1.02336	1.02291	1.02323	3041
2024.05.17	05:00:00	1.02323	1.02325	1.02240	1.02296	3931
2024.05.17	06:00:00	1.02296	1.02308	1.02250	1.02305	2475
2024.05.17	07:00:00	1.02305	1.02345	1.02273	1.02339	2367
2024.05.17	08:00:00	1.02339	1.02489	1.02285	1.02465	2669
2024.05.17	09:00:00	1.02465	1.02545	1.02449	1.02523	4333
2024.05.17	10:00:00	1.02523	1.02588	1.02417	1.02583	2695
2024.05.17	11:00:00	1.02583	1.02775	1.02533	1.02773	1971
2024.05.17	12:00:00	1.02773	1.02823	1.02755	1.02805	3185
2024.05.17	13:00:00	1.02805	1.02848	1.02790	1.02835	3616
2024.05.17	14:00:00	1.02835	1.02951	1.02813	1.02879	4607
2024.05.17	15:00:00	1.02879	1.02908	1.02772	1.02816	4518
2024.05.17	16:00:00	1.02816	1.02827	1.02751	1.02789	4024
2024.05.17	17:00:00	1.02789	1.02823	1.02739	1.02758	3960
2024.05.17	18:00:00	1.02758	1.02863	1.02738	1.02798	2521
2024.05.17	19:00:00	1.02798	1.02798	1.02762	1.02787	2041
2024.05.17	20:00:00	1.02787	1.02802	1.02780	1.02795	3032
2024.05.17	21:00:00	1.02795	1.02882	1.02742	1.02863	3678
2024.05.17	22:00:00	1.02863	1.02916	1.02857	1.02916	2833
2024.05.17	23:00:00	1.02916	1.02964	1.02805	1.02906	1431
2024.05.18	00:00:00	1.02906	1.02913	1.02802	1.02864	566
2024.05.18	01:00:00	1.02864	1.02972	1.02852	1.02935	761
2024.05.18	02:00:00	1.02935	1.02993	1.02840	1.02982	2417
2024.05.18	03:00:00	1.02982	1.03085	1.02811	1.02883	4061
2024.05.18	04:00:00	1.02883	1.02928	1.02814	1.02864	4054
2024.05.18	05:00:00	1.02864	1.02933	1.02855	1.02874	4136
2024.05.18	06:00:00	1.02874	1.02955	1.02803	1.02922	3690
2024.05.18	07:00:00	1.02922	1.03031	1.02914	1.02978	603
2024.05.18	08:00:00	1.02978	1.03051	1.02950	1.02996	4475
2024.05.18	09:00:00	1.02996	1.03059	1.02982	1.03032	4765
2024.05.18	10:00:00	1.03032	1.03054	1.03012	1.03036	4323
2024.05.18	11:00:00	1.03036	1.03078	1.02991	1.02994	2506
2024.05.18	12:00:00	1.02994	1.03040	1.02952	1.02978	1466
2024.05.18	13:00:00	1.02978	1.02982	1.02949	1.02979	4573
2024.05.18	14:00:00	1.02979	1.03079	1.02913	1.02977	1333
2024.05.18	15:00:00	1.02977	1.02992	1.02825	1.02861	4046
2024.05.18	16:00:00	1.02861	1.02940	1.02835	1.02836	4844
2024.05.18	17:00:00	1.02836	1.02846	1.02828	1.02840	4552
2024.05.18	18:00:00	1.02840	1.02893	1.02757	1.02822	2844
2024.05.18	19:00:00	1.02822	1.02890	1.02768	1.02807	4250
2024.05.18	20:00:00	1.02807	1.02878	1.02759	1.02837	4238
2024.05.18	21:00:00	1.02837	1.02857	1.02762	1.02771	4882
2024.05.18	22:00:00	1.02771	1.02812	1.02659	1.02670	2121
2024.05.18	23:00:00	1.02670	1.02720	1.02614	1.02649	3330
2024.05.19	00:00:00	1.02649	1.02723	1.02648	1.02696	4177
2024.05.19	01:00:00	1.02696	1.02808	1.02641	1.02800	1522
2024.05.19	02:00:00	1.02800	1.02850	1.02796	1.02848	1514
2024.05.19	03:00:00	1.02848	1.02871	1.02743	1.02758	2253
2024.05.19	04:00:00	1.02758	1.02832	1.02731	1.02743	2120
2024.05.19	05:00:00	1.02743	1.02811	1.02707	1.02759	3883
2024.05.19	06:00:00	1.02759	1.02784	1.02746	1.02770	4711
2024.05.19	07:00:00	1.02770	1.02825	1.02749	1.02803	1206
2024.05.19	08:00:00	1.02803	1.02828	1.02738	1.02747	1963
2024.05.19	09:00:00	1.02747	1.02806	1.02735	1.02751	4684
2024.05.19	10:00:00	1.02751	1.02781	1.02675	1.02777	3176
2024.05.19	11:00:00	1.02777	1.02913	1.02739	1.02828	1423
2024.05.19	12:00:00	1.02828	1.02830	1.02735	1.02778	3216
2024.05.19	13:00:00	1.02778	1.02786	1.02711	1.02757	4441
2024.05.19	14:00:00	1.02757	1.02798	1.02564	1.02590	2182
2024.05.19	15:00:00	1.02590	1.02596	1.02524	1.02552	2676
2024.05.19	16:00:00	1.02552	1.02566	1.02499	1.02520	3261
2024.05.19	17:00:00	1.02520	1.02573	1.02408	1.02457	4282
2024.05.19	18:00:00	1.02457	1.02494	1.02378	1.02467	3040
2024.05.19	19:00:00	1.02467	1.02490	1.02439	1.02464	4812
2024.05.19	20:00:00	1.02464	1.02480	1.02304	1.02325	3897
2024.05.19	21:00:00	1.02325	1.02357	1.02282	1.02338	2399
2024.05.19	22:00:00	1.02338	1.02388	1.02277	1.02281	2693
2024.05.19	23:00:00	1.02281	1.02313	1.02222	1.02311	3634
2024.05.20	00:00:00	1.02311	1.02314	1.02223	1.02232	817
2024.05.20	01:00:00	1.02232	1.02252	1.02186	1.02234	1520
2024.05.20	02:00:00	1.02234	1.02253	1.02214	1.02217	1572
2024.05.20	03:00:00	1.02217	1.02289	1.02197	1.02235	4103
2024.05.20	04:00:00	1.02235	1.02269	1.02188	1.02243	4201
2024.05.20	05:00:00	1.02243	1.02271	1.02201	1.02227	4189
2024.05.20	06:00:00	1.02227	1.02252	1.02096	1.02133	974
2024.05.20	07:00:00	1.02133	1.02188	1.01990	1.02043	1828
2024.05.20	08:00:00	1.02043	1.02078	1.01964	1.02007	1904
2024.05.20	09:00:00	1.02007	1.02015	1.01992	1.02006	608
2024.05.20	10:00:00	1.02006	1.02036	1.01881	1.01969	1660
2024.05.20	11:00:00	1.01969	1.02050	1.01944	1.02008	2440
2024.05.20	12:00:00	1.02008	1.02082	1.01954	1.01990	4485
2024.05.20	13:00:00	1.01990	1.02044	1.01901	1.01931	1265
2024.05.20	14:00:00	1.01931	1.01942	1.01854	1.01914	4371
2024.05.20	15:00:00	1.01914	1.01931	1.01880	1.01928	4183
2024.05.20	16:00:00	1.01928	1.01980	1.01908	1.01948	1212
2024.05.20	17:00:00	1.01948	1.02066	1.01907	1.02063	1674
2024.05.20	18:00:00	1.02063	1.02080	1.02004	1.02022	2562
2024.05.20	19:00:00	1.02022	1.02066	1.01963	1.02018	4746
2024.05.20	20:00:00	1.02018	1.02050	1.01980	1.02044	4032
2024.05.20	21:00:00	1.02044	1.02072	1.01995	1.02042	4873
2024.05.20	22:00:00	1.02042	1.02050	1.01979	1.02012	1906
2024.05.20	23:00:00	1.02012	1.02068	1.01878	1.01917	4589
2024.05.21	00:00:00	1.01917	1.01920	1.01868	1.01886	4802
2024.05.21	01:00:00	1.01886	1.01935	1.01814	1.01820	3198
2024.05.21	02:00:00	1.01820	1.01824	1.01659	1.01715	1193
2024.05.21	03:00:00	1.01715	1.01744	1.01642	1.01666	1703
2024.05.21	04:00:00	1.01666	1.01681	1.01567	1.01602	1079
2024.05.21	05:00:00	1.01602	1.01691	1.01593	1.01638	4132
2024.05.21	06:00:00	1.01638	1.01675	1.01634	1.01674	1908
2024.05.21	07:00:00	1.01674	1.01697	1.01601	1.01619	3657
2024.05.21	08:00:00	1.01619	1.01656	1.01584	1.01603	1702
2024.05.21	09:00:00	1.01603	1.01634	1.01453	1.01490	4897
2024.05.21	10:00:00	1.01490	1.01491	1.01453	1.01460	3981
2024.05.21	11:00:00	1.01460	1.01492	1.01419	1.01484	2197
2024.05.21	12:00:00	1.01484	1.01596	1.01441	1.01535	2645
2024.05.21	13:00:00	1.01535	1.01594	1.01487	1.01491	764
2024.05.21	14:00:00	1.01491	1.01592	1.01478	1.01555	1115
2024.05.21	15:00:00	1.01555	1.01667	1.01444	1.01463	4992
2024.05.21	16:00:00	1.01463	1.01474	1.01384	1.01387	4171
2024.05.21	17:00:00	1.01387	1.01506	1.01321	1.01430	4272
2024.05.21	18:00:00	1.01430	1.01555	1.01388	1.01532	3395
2024.05.21	19:00:00	1.01532	1.01673	1.01490	1.01562	1496
2024.05.21	20:00:00	1.01562	1.01572	1.01556	1.01560	973
2024.05.21	21:00:00	1.01560	1.01592	1.01359	1.01426	3765
2024.05.21	22:00:00	1.01426	1.01462	1.01289	1.01303	1992
2024.05.21	23:00:00	1.01303	1.01330	1.01281	1.01311	503
2024.05.22	00:00:00	1.01311	1.01348	1.01254	1.01289	601
2024.05.22	01:00:00	1.01289	1.01359	1.01176	1.01222	3010
2024.05.22	02:00:00	1.01222	1.01279	1.01182	1.01226	4280
2024.05.22	03:00:00	1.01226	1.01242	1.01147	1.01233	2132
2024.05.22	04:00:00	1.01233	1.01320	1.01199	1.01290	4999
2024.05.22	05:00:00	1.01290	1.01310	1.01285	1.01298	2215
2024.05.22	06:00:00	1.01298	1.01424	1.01235	1.01373	3799
2024.05.22	07:00:00	1.01373	1.01382	1.01351	1.01374	1600
2024.05.22	08:00:00	1.01374	1.01380	1.01333	1.01367	3232
2024.05.22	09:00:00	1.01367	1.01453	1.01305	1.01431	1736
2024.05.22	10:00:00	1.01431	1.01439	1.01318	1.01372	4001
2024.05.22	11:00:00	1.01372	1.01551	1.01361	1.01543	2546
2024.05.22	12:00:00	1.01543	1.01624	1.01524	1.01566	688
2024.05.22	13:00:00	1.01566	1.01609	1.01531	1.01589	1616
2024.05.22	14:00:00	1.01589	1.01634	1.01561	1.01621	2084
2024.05.22	15:00:00	1.01621	1.01742	1.01601	1.01736	2598
2024.05.22	16:00:00	1.01736	1.01826	1.01708	1.01784	1716
2024.05.22	17:00:00	1.01784	1.01813	1.01613	1.01686	3098
2024.05.22	18:00:00	1.01686	1.01826	1.01673	1.01772	4836
2024.05.22	19:00:00	1.01772	1.01830	1.01735	1.01751	3700
2024.05.22	20:00:00	1.01751	1.01788	1.01705	1.01758	1901
2024.05.22	21:00:00	1.01758	1.01797	1.01678	1.01679	3547
2024.05.22	22:00:00	1.01679	1.01799	1.01630	1.01712	4850
2024.05.22	23:00:00	1.01712	1.01755	1.01652	1.01672	1588
2024.05.23	00:00:00	1.01672	1.01682	1.01667	1.01678	1545
2024.05.23	01:00:00	1.01678	1.01708	1.01629	1.01661	676
2024.05.23	02:00:00	1.01661	1.01825	1.01629	1.01778	4290
2024.05.23	03:00:00	1.01778	1.01934	1.01759	1.01899	4247
2024.05.23	04:00:00	1.01899	1.01919	1.01808	1.01902	2361
2024.05.23	05:00:00	1.01902	1.01927	1.01863	1.01906	4425
2024.05.23	06:00:00	1.01906	1.01951	1.01828	1.01883	3431
2024.05.23	07:00:00	1.01883	1.01955	1.01833	1.01951	4905
2024.05.23	08:00:00	1.01951	1.01994	1.01895	1.01931	4651
2024.05.23	09:00:00	1.01931	1.01939	1.01877	1.01905	4818
2024.05.23	10:00:00	1.01905	1.02015	1.01876	1.01965	2265
2024.05.23	11:00:00	1.01965	1.02010	1.01852	1.01932	3352
2024.05.23	12:00:00	1.01932	1.01932	1.01907	1.01930	1252
2024.05.23	13:00:00	1.01930	1.02023	1.01750	1.01833	4524
2024.05.23	14:00:00	1.01833	1.01920	1.01798	1.01876	1931
2024.05.23	15:00:00	1.01876	1.02025	1.01844	1.01995	2516
2024.05.23	16:00:00	1.01995	1.02101	1.01955	1.02039	3174
2024.05.23	17:00:00	1.02039	1.02141	1.01990	1.02128	4043
2024.05.23	18:00:00	1.02128	1.02142	1.02067	1.02076	3792
2024.05.23	19:00:00	1.02076	1.02150	1.02051	1.02091	4799
2024.05.23	20:00:00	1.02091	1.02114	1.01977	1.02033	3708
2024.05.23	21:00:00	1.02033	1.02059	1.01996	1.02019	4083
2024.05.23	22:00:00	1.02019	1.02069	1.01982	1.02067	3076
2024.05.23	23:00:00	1.02067	1.02087	1.02018	1.02073	2370
2024.05.24	00:00:00	1.02073	1.02079	1.01940	1.01986	4610
2024.05.24	01:00:00	1.01986	1.02028	1.01905	1.01906	2199
2024.05.24	02:00:00	1.01906	1.01938	1.01759	1.01821	3291
2024.05.24	03:00:00	1.01821	1.01856	1.01750	1.01851	1811
2024.05.24	04:00:00	1.01851	1.01995	1.01807	1.01978	2670
2024.05.24	05:00:00	1.01978	1.02077	1.01928	1.02061	2151
2024.05.24	06:00:00	1.02061	1.02095	1.01863	1.01945	1662
2024.05.24	07:00:00	1.01945	1.02038	1.01901	1.02032	4192
2024.05.24	08:00:00	1.02032	1.02121	1.01995	1.02089	3952
2024.05.24	09:00:00	1.02089	1.02097	1.01976	1.01995	3656
2024.05.24	10:00:00	1.01995	1.02010	1.01908	1.01976	873
2024.05.24	11:00:00	1.01976	1.02069	1.01965	1.02043	1624
2024.05.24	12:00:00	1.02043	1.02102	1.02037	1.02077	1481
2024.05.24	13:00:00	1.02077	1.02126	1.01976	1.01997	3701
2024.05.24	14:00:00	1.01997	1.02060	1.01987	1.02034	4516
2024.05.24	15:00:00	1.02034	1.02075	1.01887	1.01903	2207
2024.05.24	16:00:00	1.01903	1.01911	1.01879	1.01890	1986
2024.05.24	17:00:00	1.01890	1.02054	1.01885	1.01959	3009
2024.05.24	18:00:00	1.01959	1.01983	1.01849	1.01960	4944
2024.05.24	19:00:00	1.01960	1.01999	1.01894	1.01930	2166
2024.05.24	20:00:00	1.01930	1.01989	1.01887	1.01984	1752
2024.05.24	21:00:00	1.01984	1.02049	1.01970	1.02044	2847
2024.05.24	22:00:00	1.02044	1.02245	1.02012	1.02124	4621
2024.05.24	23:00:00	1.02124	1.02194	1.02106	1.02178	3784
2024.05.25	00:00:00	1.02178	1.02258	1.02123	1.02244	2832
2024.05.25	01:00:00	1.02244	1.02308	1.02200	1.02289	3790
2024.05.25	02:00:00	1.02289	1.02344	1.02275	1.02305	568
2024.05.25	03:00:00	1.02305	1.02319	1.02266	1.02311	3889
2024.05.25	04:00:00	1.02311	1.02318	1.02276	1.02296	939
2024.05.25	05:00:00	1.02296	1.02350	1.02188	1.02222	2259
2024.05.25	06:00:00	1.02222	1.02230	1.02148	1.02163	2074
2024.05.25	07:00:00	1.02163	1.02214	1.02139	1.02146	3607
2024.05.25	08:00:00	1.02146	1.02235	1.02126	1.02161	1580
2024.05.25	09:00:00	1.02161	1.02293	1.02128	1.02249	1574
2024.05.25	10:00:00	1.02249	1.02310	1.02206	1.02247	4479
2024.05.25	11:00:00	1.02247	1.02319	1.02244	1.02308	2648
2024.05.25	12:00:00	1.02308	1.02383	1.02304	1.02375	3836
2024.05.25	13:00:00	1.02375	1.02395	1.02297	1.02360	3123
2024.05.25	14:00:00	1.02360	1.02469	1.02360	1.02397	3289
2024.05.25	15:00:00	1.02397	1.02434	1.02379	1.02382	3589
2024.05.25	16:00:00	1.02382	1.02550	1.02363	1.02463	3504
2024.05.25	17:00:00	1.02463	1.02524	1.02459	1.02502	4603
2024.05.25	18:00:00	1.02502	1.02504	1.02396	1.02429	4032
2024.05.25	19:00:00	1.02429	1.02448	1.02414	1.02439	1871
2024.05.25	20:00:00	1.02439	1.02569	1.02437	1.02540	1262
2024.05.25	21:00:00	1.02540	1.02614	1.02456	1.02529	4303
2024.05.25	22:00:00	1.02529	1.02589	1.02498	1.02557	2176
2024.05.25	23:00:00	1.02557	1.02620	1.02533	1.02590	1900
2024.05.26	00:00:00	1.02590	1.02621	1.02497	1.02527	999
2024.05.26	01:00:00	1.02527	1.02597	1.02514	1.02558	2983
2024.05.26	02:00:00	1.02558	1.02607	1.02420	1.02472	2804
2024.05.26	03:00:00	1.02472	1.02484	1.02413	1.02434	4226
2024.05.26	04:00:00	1.02434	1.02506	1.02426	1.02500	3868
2024.05.26	05:00:00	1.02500	1.02560	1.02496	1.02522	3754
2024.05.26	06:00:00	1.02522	1.02527	1.02501	1.02503	2923
2024.05.26	07:00:00	1.02503	1.02562	1.02468	1.02531	4382
2024.05.26	08:00:00	1.02531	1.02537	1.02504	1.02527	4924
2024.05.26	09:00:00	1.02527	1.02545	1.02510	1.02528	4166
2024.05.26	10:00:00	1.02528	1.02628	1.02476	1.02568	2065
2024.05.26	11:00:00	1.02568	1.02674	1.02523	1.02523	1743
2024.05.26	12:00:00	1.02523	1.02541	1.02507	1.02526	505
2024.05.26	13:00:00	1.02526	1.02543	1.02475	1.02507	4968
2024.05.26	14:00:00	1.02507	1.02526	1.02377	1.02409	3796
2024.05.26	15:00:00	1.02409	1.02430	1.02309	1.02353	4716
2024.05.26	16:00:00	1.02353	1.02509	1.02309	1.02449	4044
2024.05.26	17:00:00	1.02449	1.02491	1.02399	1.02473	2435
2024.05.26	18:00:00	1.02473	1.02489	1.02376	1.02391	1152
2024.05.26	19:00:00	1.02391	1.02415	1.02277	1.02297	712
2024.05.26	20:00:00	1.02297	1.02365	1.02285	1.02290	4064
2024.05.26	21:00:00	1.02290	1.02398	1.02275	1.02386	1865
2024.05.26	22:00:00	1.02386	1.02412	1.02352	1.02374	2206
2024.05.26	23:00:00	1.02374	1.02514	1.02321	1.02454	4262
2024.05.27	00:00:00	1.02454	1.02538	1.02431	1.02476	2665
2024.05.27	01:00:00	1.02476	1.02522	1.02440	1.02505	4778
2024.05.27	02:00:00	1.02505	1.02523	1.02348	1.02423	2959
2024.05.27	03:00:00	1.02423	1.02605	1.02419	1.02481	4242
2024.05.27	04:00:00	1.02481	1.02494	1.02416	1.02460	1066
2024.05.27	05:00:00	1.02460	1.02565	1.02427	1.02513	2285
2024.05.27	06:00:00	1.02513	1.02521	1.02404	1.02463	1323
2024.05.27	07:00:00	1.02463	1.02513	1.02390	1.02474	754
2024.05.27	08:00:00	1.02474	1.02511	1.02434	1.02496	4962
2024.05.27	09:00:00	1.02496	1.02512	1.02433	1.02486	2829
2024.05.27	10:00:00	1.02486	1.02534	1.02437	1.02511	2091
2024.05.27	11:00:00	1.02511	1.02567	1.02472	1.02495	2193
2024.05.27	12:00:00	1.02495	1.02558	1.02442	1.02455	1584
2024.05.27	13:00:00	1.02455	1.02565	1.02433	1.02553	1053
2024.05.27	14:00:00	1.02553	1.02627	1.02524	1.02618	4610
2024.05.27	15:00:00	1.02618	1.02648	1.02541	1.02571	976
2024.05.27	16:00:00	1.02571	1.02625	1.02542	1.02606	2231
2024.05.27	17:00:00	1.02606	1.02617	1.02502	1.02560	1188
2024.05.27	18:00:00	1.02560	1.02588	1.02479	1.02488	4683
2024.05.27	19:00:00	1.02488	1.02556	1.02475	1.02551	1426
2024.05.27	20:00:00	1.02551	1.02578	1.02427	1.02446	2272
2024.05.27	21:00:00	1.02446	1.02533	1.02420	1.02503	3892
2024.05.27	22:00:00	1.02503	1.02510	1.02435	1.02488	3066
2024.05.27	23:00:00	1.02488	1.02497	1.02429	1.02475	2217
2024.05.28	00:00:00	1.02475	1.02561	1.02457	1.02500	3036
2024.05.28	01:00:00	1.02500	1.02555	1.02499	1.02536	2466
2024.05.28	02:00:00	1.02536	1.02551	1.02460	1.02485	1801
2024.05.28	03:00:00	1.02485	1.02546	1.02434	1.02529	3192
2024.05.28	04:00:00	1.02529	1.02560	1.02495	1.02536	2143
2024.05.28	05:00:00	1.02536	1.02568	1.02449	1.02459	4820
2024.05.28	06:00:00	1.02459	1.02473	1.02401	1.02448	2584
2024.05.28	07:00:00	1.02448	1.02553	1.02434	1.02533	3904
2024.05.28	08:00:00	1.02533	1.02695	1.02510	1.02636	1554
2024.05.28	09:00:00	1.02636	1.02707	1.02629	1.02681	3405
2024.05.28	10:00:00	1.02681	1.02691	1.02603	1.02607	3017
2024.05.28	11:00:00	1.02607	1.02688	1.02599	1.02638	3847
2024.05.28	12:00:00	1.02638	1.02712	1.02607	1.02690	2577
2024.05.28	13:00:00	1.02690	1.02839	1.02688	1.02735	3736
2024.05.28	14:00:00	1.02735	1.02809	1.02717	1.02783	763
2024.05.28	15:00:00	1.02783	1.02828	1.02744	1.02805	3606
2024.05.28	16:00:00	1.02805	1.02824	1.02699	1.02801	3890
2024.05.28	17:00:00	1.02801	1.02802	1.02752	1.02763	2733
2024.05.28	18:00:00	1.02763	1.02771	1.02638	1.02647	654
2024.05.28	19:00:00	1.02647	1.02672	1.02624	1.02667	3050
2024.05.28	20:00:00	1.02667	1.02680	1.02651	1.02679	4015
2024.05.28	21:00:00	1.02679	1.02767	1.02679	1.02713	2576
2024.05.28	22:00:00	1.02713	1.02714	1.02631	1.02631	923
2024.05.28	23:00:00	1.02631	1.02714	1.02594	1.02671	2277
2024.05.29	00:00:00	1.02671	1.02835	1.02653	1.02797	4973
2024.05.29	01:00:00	1.02797	1.02829	1.02731	1.02802	1718
2024.05.29	02:00:00	1.02802	1.02874	1.02728	1.02798	2882
2024.05.29	03:00:00	1.02798	1.02862	1.02767	1.02817	2098
2024.05.29	04:00:00	1.02817	1.02961	1.02792	1.02943	3705
2024.05.29	05:00:00	1.02943	1.02971	1.02810	1.02880	2428
2024.05.29	06:00:00	1.02880	1.02931	1.02848	1.02892	2229
2024.05.29	07:00:00	1.02892	1.02940	1.02787	1.02843	3107
2024.05.29	08:00:00	1.02843	1.02922	1.02643	1.02809	3072
2024.05.29	09:00:00	1.02809	1.02847	1.02758	1.02806	2749
2024.05.29	10:00:00	1.02806	1.02935	1.02764	1.02889	1662
2024.05.29	11:00:00	1.02889	1.03005	1.02868	1.03000	985
2024.05.29	12:00:00	1.03000	1.03045	1.02966	1.03028	3607
2024.05.29	13:00:00	1.03028	1.03030	1.02965	1.03005	2029
2024.05.29	14:00:00	1.03005	1.03211	1.02961	1.03159	3257
2024.05.29	15:00:00	1.03159	1.03160	1.03084	1.03132	2192
2024.05.29	16:00:00	1.03132	1.03176	1.03046	1.03097	4342
2024.05.29	17:00:00	1.03097	1.03113	1.02948	1.02987	3681
2024.05.29	18:00:00	1.02987	1.03111	1.02985	1.03074	2317
2024.05.29	19:00:00	1.03074	1.03144	1.03070	1.03134	1998
2024.05.29	20:00:00	1.03134	1.03343	1.03133	1.03283	3870
2024.05.29	21:00:00	1.03283	1.03317	1.03152	1.03197	535
2024.05.29	22:00:00	1.03197	1.03288	1.03170	1.03288	759
2024.05.29	23:00:00	1.03288	1.03314	1.03263	1.03292	879
2024.05.30	00:00:00	1.03292	1.03369	1.03236	1.03339	2056
2024.05.30	01:00:00	1.03339	1.03346	1.03213	1.03234	2736
2024.05.30	02:00:00	1.03234	1.03368	1.03190	1.03321	1817
2024.05.30	03:00:00	1.03321	1.03441	1.03298	1.03367	1348
2024.05.30	04:00:00	1.03367	1.03368	1.03335	1.03362	1908
2024.05.30	05:00:00	1.03362	1.03402	1.03310	1.03399	2725
2024.05.30	06:00:00	1.03399	1.03415	1.03336	1.03348	1838
2024.05.30	07:00:00	1.03348	1.03395	1.03235	1.03309	3083
2024.05.30	08:00:00	1.03309	1.03330	1.03238	1.03277	2219
2024.05.30	09:00:00	1.03277	1.03339	1.03142	1.03159	4700
2024.05.30	10:00:00	1.03159	1.03237	1.03155	1.03210	4965
2024.05.30	11:00:00	1.03210	1.03333	1.03166	1.03280	3450
2024.05.30	12:00:00	1.03280	1.03314	1.03222	1.03234	2996
2024.05.30	13:00:00	1.03234	1.03262	1.03216	1.03252	639
2024.05.30	14:00:00	1.03252	1.03307	1.03230	1.03233	3301
2024.05.30	15:00:00	1.03233	1.03280	1.03229	1.03250	2213
2024.05.30	16:00:00	1.03250	1.03261	1.03204	1.03208	1804
2024.05.30	17:00:00	1.03208	1.03215	1.03097	1.03150	4070
2024.05.30	18:00:00	1.03150	1.03225	1.03100	1.03212	689
2024.05.30	19:00:00	1.03212	1.03245	1.03162	1.03205	1672
2024.05.30	20:00:00	1.03205	1.03327	1.03163	1.03327	3983
2024.05.30	21:00:00	1.03327	1.03340	1.03315	1.03327	4662
2024.05.30	22:00:00	1.03327	1.03395	1.03258	1.03267	2815
2024.05.30	23:00:00	1.03267	1.03347	1.03220	1.03340	2880
2024.05.31	00:00:00	1.03340	1.03388	1.03265	1.03376	4851
2024.05.31	01:00:00	1.03376	1.03459	1.03349	1.03418	916
2024.05.31	02:00:00	1.03418	1.03562	1.03403	1.03488	2664
2024.05.31	03:00:00	1.03488	1.03504	1.03387	1.03445	1587
2024.05.31	04:00:00	1.03445	1.03464	1.03427	1.03434	2645
2024.05.31	05:00:00	1.03434	1.03472	1.03373	1.03420	4578
2024.05.31	06:00:00	1.03420	1.03422	1.03303	1.03337	3182
2024.05.31	07:00:00	1.03337	1.03409	1.03312	1.03317	4961
2024.05.31	08:00:00	1.03317	1.03424	1.03244	1.03397	2772
2024.05.31	09:00:00	1.03397	1.03425	1.03368	1.03409	4383
2024.05.31	10:00:00	1.03409	1.03418	1.03316	1.03322	1263
2024.05.31	11:00:00	1.03322	1.03336	1.03206	1.03223	1943
2024.05.31	12:00:00	1.03223	1.03357	1.03145	1.03323	1732
2024.05.31	13:00:00	1.03323	1.03376	1.03281	1.03314	3959
2024.05.31	14:00:00	1.03314	1.03347	1.03156	1.03271	2808
2024.05.31	15:00:00	1.03271	1.03289	1.03209	1.03251	1500
2024.05.31	16:00:00	1.03251	1.03300	1.03137	1.03156	1277
2024.05.31	17:00:00	1.03156	1.03329	1.03155	1.03241	2230
2024.05.31	18:00:00	1.03241	1.03296	1.03165	1.03214	1190
2024.05.31	19:00:00	1.03214	1.03301	1.03157	1.03295	3637
2024.05.31	20:00:00	1.03295	1.03371	1.03281	1.03295	4317
2024.05.31	21:00:00	1.03295	1.03501	1.03246	1.03381	4860
2024.05.31	22:00:00	1.03381	1.03455	1.03360	1.03394	1560
2024.05.31	23:00:00	1.03394	1.03444	1.03377	1.03444	2476
2024.06.01	00:00:00	1.03444	1.03488	1.03419	1.03485	2767
2024.06.01	01:00:00	1.03485	1.03546	1.03455	1.03521	2731
2024.06.01	02:00:00	1.03521	1.03561	1.03510	1.03539	2539
2024.06.01	03:00:00	1.03539	1.03584	1.03520	1.03522	1490
2024.06.01	04:00:00	1.03522	1.03654	1.03514	1.03638	1003
2024.06.01	05:00:00	1.03638	1.03639	1.03571	1.03578	2314
2024.06.01	06:00:00	1.03578	1.03587	1.03572	1.03575	915
2024.06.01	07:00:00	1.03575	1.03607	1.03532	1.03573	783
2024.06.01	08:00:00	1.03573	1.03631	1.03544	1.03595	2858
2024.06.01	09:00:00	1.03595	1.03620	1.03549	1.03565	4363
2024.06.01	10:00:00	1.03565	1.03616	1.03483	1.03582	2932
2024.06.01	11:00:00	1.03582	1.03603	1.03514	1.03568	605
2024.06.01	12:00:00	1.03568	1.03611	1.03450	1.03467	4281
2024.06.01	13:00:00	1.03467	1.03472	1.03460	1.03464	3575
2024.06.01	14:00:00	1.03464	1.03492	1.03381	1.03393	1864
2024.06.01	15:00:00	1.03393	1.03430	1.03239	1.03282	1729
2024.06.01	16:00:00	1.03282	1.03373	1.03270	1.03288	4548
2024.06.01	17:00:00	1.03288	1.03323	1.03278	1.03315	2642
2024.06.01	18:00:00	1.03315	1.03394	1.03282	1.03344	1135
2024.06.01	19:00:00	1.03344	1.03418	1.03272	1.03376	1767
2024.06.01	20:00:00	1.03376	1.03401	1.03197	1.03253	1689
2024.06.01	21:00:00	1.03253	1.03255	1.03161	1.03166	2300
2024.06.01	22:00:00	1.03166	1.03337	1.03164	1.03285	2056
2024.06.01	23:00:00	1.03285	1.03293	1.03215	1.03217	2960
2024.06.02	00:00:00	1.03217	1.03277	1.03211	1.03252	1954
2024.06.02	01:00:00	1.03252	1.03268	1.03172	1.03206	3384
2024.06.02	02:00:00	1.03206	1.03238	1.03169	1.03208	2717
2024.06.02	03:00:00	1.03208	1.03220	1.03158	1.03166	4731
2024.06.02	04:00:00	1.03166	1.03219	1.03164	1.03198	4226
2024.06.02	05:00:00	1.03198	1.03208	1.03147	1.03203	1994
2024.06.02	06:00:00	1.03203	1.03277	1.03170	1.03172	689
2024.06.02	07:00:00	1.03172	1.03202	1.03028	1.03104	3131
2024.06.02	08:00:00	1.03104	1.03178	1.03081	1.03117	2022
2024.06.02	09:00:00	1.03117	1.03127	1.03017	1.03039	4557
2024.06.02	10:00:00	1.03039	1.03083	1.03028	1.03063	2325
2024.06.02	11:00:00	1.03063	1.03232	1.02987	1.03222	1806
2024.06.02	12:00:00	1.03222	1.03334	1.03199	1.03303	2027
2024.06.02	13:00:00	1.03303	1.03354	1.03245	1.03344	4392
2024.06.02	14:00:00	1.03344	1.03363	1.03310	1.03336	1006
2024.06.02	15:00:00	1.03336	1.03381	1.03167	1.03212	4808
2024.06.02	16:00:00	1.03212	1.03242	1.03053	1.03128	1550
2024.06.02	17:00:00	1.03128	1.03237	1.03098	1.03204	4313
2024.06.02	18:00:00	1.03204	1.03242	1.03120	1.03152	2949
2024.06.02	19:00:00	1.03152	1.03176	1.03079	1.03105	3064
2024.06.02	20:00:00	1.03105	1.03153	1.03092	1.03092	1420
2024.06.02	21:00:00	1.03092	1.03112	1.03015	1.03023	3749
2024.06.02	22:00:00	1.03023	1.03050	1.02935	1.02945	3418
2024.06.02	23:00:00	1.02945	1.02965	1.02914	1.02938	2664
2024.06.03	00:00:00	1.02938	1.02947	1.02815	1.02880	2560
2024.06.03	01:00:00	1.02880	1.02977	1.02787	1.02831	3187
2024.06.03	02:00:00	1.02831	1.02843	1.02753	1.02780	2623
2024.06.03	03:00:00	1.02780	1.02813	1.02759	1.02809	4885
2024.06.03	04:00:00	1.02809	1.02826	1.02729	1.02792	686
2024.06.03	05:00:00	1.02792	1.02862	1.02744	1.02778	1630
2024.06.03	06:00:00	1.02778	1.02858	1.02751	1.02811	4329
2024.06.03	07:00:00	1.02811	1.02834	1.02777	1.02800	4066
2024.06.03	08:00:00	1.02800	1.02836	1.02765	1.02779	2065
2024.06.03	09:00:00	1.02779	1.02828	1.02776	1.02805	2778
2024.06.03	10:00:00	1.02805	1.02885	1.02747	1.02843	621
2024.06.03	11:00:00	1.02843	1.02903	1.02738	1.02831	1295
2024.06.03	12:00:00	1.02831	1.02861	1.02828	1.02833	4750
2024.06.03	13:00:00	1.02833	1.02862	1.02762	1.02782	3395
2024.06.03	14:00:00	1.02782	1.02828	1.02704	1.02726	673
2024.06.03	15:00:00	1.02726	1.02822	1.02700	1.02770	4065
2024.06.03	16:00:00	1.02770	1.02839	1.02694	1.02794	2316
2024.06.03	17:00:00	1.02794	1.02824	1.02718	1.02819	3059
2024.06.03	18:00:00	1.02819	1.02889	1.02808	1.02834	4355
2024.06.03	19:00:00	1.02834	1.02886	1.02785	1.02833	4268
2024.06.03	20:00:00	1.02833	1.02880	1.02817	1.02873	1114
2024.06.03	21:00:00	1.02873	1.02950	1.02848	1.02928	2146
2024.06.03	22:00:00	1.02928	1.03064	1.02888	1.02981	1726
2024.06.03	23:00:00	1.02981	1.02994	1.02970	1.02972	4611
2024.06.04	00:00:00	1.02972	1.03119	1.02869	1.03054	4013
2024.06.04	01:00:00	1.03054	1.03074	1.03042	1.03065	3417
2024.06.04	02:00:00	1.03065	1.03161	1.03062	1.03102	763
2024.06.04	03:00:00	1.03102	1.03142	1.03047	1.03116	4114
2024.06.04	04:00:00	1.03116	1.03171	1.03055	1.03128	3024
2024.06.04	05:00:00	1.03128	1.03140	1.03056	1.03079	1728
2024.06.04	06:00:00	1.03079	1.03125	1.03070	1.03120	2492
2024.06.04	07:00:00	1.03120	1.03331	1.03096	1.03293	2507
2024.06.04	08:00:00	1.03293	1.03332	1.03263	1.03267	1832
2024.06.04	09:00:00	1.03267	1.03328	1.03214	1.03268	4593
2024.06.04	10:00:00	1.03268	1.03307	1.03138	1.03237	4628
2024.06.04	11:00:00	1.03237	1.03280	1.03174	1.03204	729
2024.06.04	12:00:00	1.03204	1.03314	1.03160	1.03296	4711
2024.06.04	13:00:00	1.03296	1.03297	1.03183	1.03252	2317
2024.06.04	14:00:00	1.03252	1.03274	1.03209	1.03219	4099
2024.06.04	15:00:00	1.03219	1.03243	1.03055	1.03118	4011
2024.06.04	16:00:00	1.03118	1.03140	1.03036	1.03068	3195
2024.06.04	17:00:00	1.03068	1.03150	1.02953	1.02959	3847
2024.06.04	18:00:00	1.02959	1.03013	1.02945	1.02995	3566
2024.06.04	19:00:00	1.02995	1.03264	1.02922	1.03165	4332
2024.06.04	20:00:00	1.03165	1.03174	1.03128	1.03139	2406
2024.06.04	21:00:00	1.03139	1.03173	1.02971	1.03033	3827
2024.06.04	22:00:00	1.03033	1.03111	1.02968	1.03086	4906
2024.06.04	23:00:00	1.03086	1.03138	1.03030	1.03038	4761
2024.06.05	00:00:00	1.03038	1.03162	1.02993	1.03115	1165
2024.06.05	01:00:00	1.03115	1.03142	1.03094	1.03094	2742
2024.06.05	02:00:00	1.03094	1.03102	1.03047	1.03052	2795
2024.06.05	03:00:00	1.03052	1.03133	1.03031	1.03038	3309
2024.06.05	04:00:00	1.03038	1.03082	1.03002	1.03082	3411
2024.06.05	05:00:00	1.03082	1.03094	1.03029	1.03065	4314
2024.06.05	06:00:00	1.03065	1.03076	1.03027	1.03031	2894
2024.06.05	07:00:00	1.03031	1.03052	1.02998	1.03016	3657
2024.06.05	08:00:00	1.03016	1.03024	1.02886	1.02934	4547
2024.06.05	09:00:00	1.02934	1.02977	1.02927	1.02955	959
2024.06.05	10:00:00	1.02955	1.03033	1.02798	1.02842	3391
2024.06.05	11:00:00	1.02842	1.02847	1.02773	1.02811	2151
2024.06.05	12:00:00	1.02811	1.02893	1.02780	1.02855	4576
2024.06.05	13:00:00	1.02855	1.02894	1.02833	1.02871	2986
2024.06.05	14:00:00	1.02871	1.02923	1.02831	1.02904	3212
2024.06.05	15:00:00	1.02904	1.02961	1.02871	1.02897	3896
2024.06.05	16:00:00	1.02897	1.02968	1.02841	1.02966	1589
2024.06.05	17:00:00	1.02966	1.03042	1.02961	1.03020	2946
2024.06.05	18:00:00	1.03020	1.03103	1.02995	1.03045	3978
2024.06.05	19:00:00	1.03045	1.03109	1.03013	1.03099	3998
2024.06.05	20:00:00	1.03099	1.03145	1.03095	1.03142	1525
2024.06.05	21:00:00	1.03142	1.03192	1.03103	1.03112	4269
2024.06.05	22:00:00	1.03112	1.03134	1.02984	1.03026	1232
2024.06.05	23:00:00	1.03026	1.03058	1.03001	1.03049	1693
2024.06.06	00:00:00	1.03049	1.03122	1.03026	1.03079	4354
2024.06.06	01:00:00	1.03079	1.03147	1.03046	1.03144	3272
2024.06.06	02:00:00	1.03144	1.03188	1.03037	1.03083	2939
2024.06.06	03:00:00	1.03083	1.03185	1.03002	1.03024	3006
2024.06.06	04:00:00	1.03024	1.03092	1.03018	1.03049	4861
2024.06.06	05:00:00	1.03049	1.03052	1.03039	1.03041	1522
2024.06.06	06:00:00	1.03041	1.03055	1.02871	1.02922	1846
2024.06.06	07:00:00	1.02922	1.02953	1.02869	1.02942	2704
2024.06.06	08:00:00	1.02942	1.02950	1.02759	1.02825	4304
2024.06.06	09:00:00	1.02825	1.02832	1.02737	1.02763	2968
2024.06.06	10:00:00	1.02763	1.02853	1.02754	1.02843	3766
2024.06.06	11:00:00	1.02843	1.02998	1.02825	1.02953	4178
2024.06.06	12:00:00	1.02953	1.03039	1.02862	1.02875	4514
2024.06.06	13:00:00	1.02875	1.02884	1.02782	1.02851	2574
2024.06.06	14:00:00	1.02851	1.02875	1.02792	1.02851	2560
2024.06.06	15:00:00	1.02851	1.02971	1.02830	1.02958	864
2024.06.06	16:00:00	1.02958	1.02972	1.02890	1.02924	861
2024.06.06	17:00:00	1.02924	1.02943	1.02868	1.02892	2692
2024.06.06	18:00:00	1.02892	1.03046	1.02824	1.02984	3870
2024.06.06	19:00:00	1.02984	1.02991	1.02946	1.02958	4270
2024.06.06	20:00:00	1.02958	1.03016	1.02939	1.03000	2338
2024.06.06	21:00:00	1.03000	1.03047	1.02852	1.02905	3070
2024.06.06	22:00:00	1.02905	1.02953	1.02861	1.02892	4156
2024.06.06	23:00:00	1.02892	1.02915	1.02735	1.02786	1934
2024.06.07	00:00:00	1.02786	1.02822	1.02717	1.02718	1213
2024.06.07	01:00:00	1.02718	1.02824	1.02706	1.02767	4644
2024.06.07	02:00:00	1.02767	1.02801	1.02743	1.02761	2957
2024.06.07	03:00:00	1.02761	1.02783	1.02737	1.02738	1200
2024.06.07	04:00:00	1.02738	1.02777	1.02645	1.02689	1633
2024.06.07	05:00:00	1.02689	1.02694	1.02646	1.02672	1970
2024.06.07	06:00:00	1.02672	1.02742	1.02660	1.02687	1405
2024.06.07	07:00:00	1.02687	1.02799	1.02677	1.02745	2467
2024.06.07	08:00:00	1.02745	1.02779	1.02580	1.02580	4157
2024.06.07	09:00:00	1.02580	1.02630	1.02517	1.02526	3820
2024.06.07	10:00:00	1.02526	1.02548	1.02465	1.02533	4626
2024.06.07	11:00:00	1.02533	1.02537	1.02497	1.02523	4260
2024.06.07	12:00:00	1.02523	1.02560	1.02523	1.02545	1900
2024.06.07	13:00:00	1.02545	1.02577	1.02443	1.02558	763
2024.06.07	14:00:00	1.02558	1.02596	1.02521	1.02537	1182
2024.06.07	15:00:00	1.02537	1.02576	1.02488	1.02501	4064
2024.06.07	16:00:00	1.02501	1.02530	1.02370	1.02483	2031
2024.06.07	17:00:00	1.02483	1.02576	1.02475	1.02551	3742
2024.06.07	18:00:00	1.02551	1.02661	1.02500	1.02502	2559
2024.06.07	19:00:00	1.02502	1.02528	1.02456	1.02496	4525
2024.06.07	20:00:00	1.02496	1.02545	1.02434	1.02504	2786
2024.06.07	21:00:00	1.02504	1.02615	1.02457	1.02597	4551
2024.06.07	22:00:00	1.02597	1.02652	1.02558	1.02575	1628
2024.06.07	23:00:00	1.02575	1.02632	1.02556	1.02631	3998
2024.06.08	00:00:00	1.02631	1.02744	1.02623	1.02704	2857
2024.06.08	01:00:00	1.02704	1.02710	1.02640	1.02697	1355
2024.06.08	02:00:00	1.02697	1.02760	1.02627	1.02681	1552
2024.06.08	03:00:00	1.02681	1.02723	1.02646	1.02657	1912
2024.06.08	04:00:00	1.02657	1.02658	1.02590	1.02639	1196
2024.06.08	05:00:00	1.02639	1.02715	1.02588	1.02688	4713
2024.06.08	06:00:00	1.02688	1.02707	1.02668	1.02699	1457
2024.06.08	07:00:00	1.02699	1.02757	1.02686	1.02711	3191
2024.06.08	08:00:00	1.02711	1.02728	1.02605	1.02638	3069
2024.06.08	09:00:00	1.02638	1.02721	1.02557	1.02576	2924
2024.06.08	10:00:00	1.02576	1.02789	1.02488	1.02705	3323
2024.06.08	11:00:00	1.02705	1.02716	1.02663	1.02691	4620
2024.06.08	12:00:00	1.02691	1.02713	1.02636	1.02640	4855
2024.06.08	13:00:00	1.02640	1.02773	1.02627	1.02725	4433
2024.06.08	14:00:00	1.02725	1.02787	1.02720	1.02739	2568
2024.06.08	15:00:00	1.02739	1.02824	1.02675	1.02772	3773
2024.06.08	16:00:00	1.02772	1.02822	1.02752	1.02760	1336
2024.06.08	17:00:00	1.02760	1.02771	1.02683	1.02737	4470
2024.06.08	18:00:00	1.02737	1.02746	1.02712	1.02724	1379
2024.06.08	19:00:00	1.02724	1.02724	1.02629	1.02636	1012
2024.06.08	20:00:00	1.02636	1.02731	1.02584	1.02627	4229
2024.06.08	21:00:00	1.02627	1.02650	1.02594	1.02642	3908
2024.06.08	22:00:00	1.02642	1.02783	1.02584	1.02753	1122
2024.06.08	23:00:00	1.02753	1.02792	1.02715	1.02755	4845
2024.06.09	00:00:00	1.02755	1.02795	1.02591	1.02608	1002
2024.06.09	01:00:00	1.02608	1.02632	1.02555	1.02600	720
2024.06.09	02:00:00	1.02600	1.02781	1.02542	1.02765	4800
2024.06.09	03:00:00	1.02765	1.02876	1.02754	1.02816	1503
2024.06.09	04:00:00	1.02816	1.02839	1.02733	1.02763	1556
2024.06.09	05:00:00	1.02763	1.02821	1.02715	1.02796	4072
2024.06.09	06:00:00	1.02796	1.02846	1.02720	1.02747	3232
2024.06.09	07:00:00	1.02747	1.02832	1.02625	1.02661	2840
2024.06.09	08:00:00	1.02661	1.02728	1.02627	1.02636	4946
2024.06.09	09:00:00	1.02636	1.02654	1.02609	1.02639	889
2024.06.09	10:00:00	1.02639	1.02668	1.02520	1.02520	4665
2024.06.09	11:00:00	1.02520	1.02527	1.02407	1.02447	1705
2024.06.09	12:00:00	1.02447	1.02447	1.02439	1.02444	3301
2024.06.09	13:00:00	1.02444	1.02454	1.02411	1.02416	1958
2024.06.09	14:00:00	1.02416	1.02478	1.02408	1.02437	1818
2024.06.09	15:00:00	1.02437	1.02481	1.02292	1.02359	1944
2024.06.09	16:00:00	1.02359	1.02442	1.02344	1.02400	3015
2024.06.09	17:00:00	1.02400	1.02441	1.02318	1.02325	4449
2024.06.09	18:00:00	1.02325	1.02437	1.02289	1.02422	1006
2024.06.09	19:00:00	1.02422	1.02471	1.02290	1.02314	3479
2024.06.09	20:00:00	1.02314	1.02316	1.02236	1.02244	4371
2024.06.09	21:00:00	1.02244	1.02273	1.02202	1.02266	3807
2024.06.09	22:00:00	1.02266	1.02397	1.02255	1.02365	4910
2024.06.09	23:00:00	1.02365	1.02417	1.02356	1.02382	561
2024.06.10	00:00:00	1.02382	1.02416	1.02369	1.02413	2131
2024.06.10	01:00:00	1.02413	1.02456	1.02393	1.02411	2423
2024.06.10	02:00:00	1.02411	1.02419	1.02330	1.02345	2910
2024.06.10	03:00:00	1.02345	1.02346	1.02246	1.02312	1930
2024.06.10	04:00:00	1.02312	1.02334	1.02154	1.02234	1639
2024.06.10	05:00:00	1.02234	1.02235	1.02118	1.02153	4333
2024.06.10	06:00:00	1.02153	1.02203	1.02091	1.02175	1546
2024.06.10	07:00:00	1.02175	1.02191	1.02041	1.02103	4792
2024.06.10	08:00:00	1.02103	1.02140	1.02046	1.02119	666
2024.06.10	09:00:00	1.02119	1.02152	1.02024	1.02036	2405
2024.06.10	10:00:00	1.02036	1.02082	1.02035	1.02051	3242
2024.06.10	11:00:00	1.02051	1.02075	1.02011	1.02019	4878
2024.06.10	12:00:00	1.02019	1.02136	1.01953	1.02102	3940
2024.06.10	13:00:00	1.02102	1.02121	1.02056	1.02118	564
2024.06.10	14:00:00	1.02118	1.02252	1.02032	1.02191	3868
2024.06.10	15:00:00	1.02191	1.02237	1.02090	1.02142	1965
2024.06.10	16:00:00	1.02142	1.02201	1.02098	1.02142	4369
2024.06.10	17:00:00	1.02142	1.02167	1.02070	1.02079	3987
2024.06.10	18:00:00	1.02079	1.02134	1.02017	1.02050	1363
2024.06.10	19:00:00	1.02050	1.02106	1.02028	1.02031	2120
2024.06.10	20:00:00	1.02031	1.02056	1.01900	1.01984	4194
2024.06.10	21:00:00	1.01984	1.01984	1.01892	1.01906	4644
2024.06.10	22:00:00	1.01906	1.01926	1.01799	1.01817	3216
2024.06.10	23:00:00	1.01817	1.01832	1.01627	1.01671	1483
2024.06.11	00:00:00	1.01671	1.01695	1.01557	1.01604	2253
2024.06.11	01:00:00	1.01604	1.01705	1.01570	1.01639	4080
2024.06.11	02:00:00	1.01639	1.01668	1.01528	1.01538	3192
2024.06.11	03:00:00	1.01538	1.01591	1.01432	1.01452	1407
2024.06.11	04:00:00	1.01452	1.01590	1.01449	1.01558	1785
2024.06.11	05:00:00	1.01558	1.01567	1.01472	1.01516	1386
2024.06.11	06:00:00	1.01516	1.01614	1.01484	1.01533	2611
2024.06.11	07:00:00	1.01533	1.01590	1.01489	1.01569	2505
2024.06.11	08:00:00	1.01569	1.01640	1.01565	1.01606	2937
2024.06.11	09:00:00	1.01606	1.01649	1.01417	1.01510	4752
2024.06.11	10:00:00	1.01510	1.01531	1.01480	1.01493	3431
2024.06.11	11:00:00	1.01493	1.01523	1.01388	1.01392	3134
2024.06.11	12:00:00	1.01392	1.01567	1.01369	1.01538	2148
2024.06.11	13:00:00	1.01538	1.01561	1.01424	1.01437	3357
2024.06.11	14:00:00	1.01437	1.01494	1.01299	1.01371	4799
2024.06.11	15:00:00	1.01371	1.01416	1.01295	1.01304	543
2024.06.11	16:00:00	1.01304	1.01406	1.01200	1.01210	2074
2024.06.11	17:00:00	1.01210	1.01313	1.01147	1.01289	754
2024.06.11	18:00:00	1.01289	1.01444	1.01287	1.01434	1416
2024.06.11	19:00:00	1.01434	1.01440	1.01319	1.01402	801
2024.06.11	20:00:00	1.01402	1.01469	1.01305	1.01318	3165
2024.06.11	21:00:00	1.01318	1.01362	1.01170	1.01180	4188
2024.06.11	22:00:00	1.01180	1.01199	1.01158	1.01162	4731
2024.06.11	23:00:00	1.01162	1.01189	1.01123	1.01139	1565
2024.06.12	00:00:00	1.01139	1.01144	1.01093	1.01097	3647
2024.06.12	01:00:00	1.01097	1.01131	1.01066	1.01107	1979
2024.06.12	02:00:00	1.01107	1.01219	1.01107	1.01128	1921
2024.06.12	03:00:00	1.01128	1.01146	1.01126	1.01145	3244
2024.06.12	04:00:00	1.01145	1.01189	1.01087	1.01123	3555
2024.06.12	05:00:00	1.01123	1.01156	1.01042	1.01053	3127
2024.06.12	06:00:00	1.01053	1.01157	1.01042	1.01090	948
2024.06.12	07:00:00	1.01090	1.01104	1.01081	1.01088	2347
2024.06.12	08:00:00	1.01088	1.01203	1.00991	1.01139	1785
2024.06.12	09:00:00	1.01139	1.01184	1.01133	1.01184	519
2024.06.12	10:00:00	1.01184	1.01215	1.01083	1.01094	682
2024.06.12	11:00:00	1.01094	1.01172	1.00987	1.01004	2523
2024.06.12	12:00:00	1.01004	1.01074	1.00917	1.00955	951
2024.06.12	13:00:00	1.00955	1.00977	1.00861	1.00888	3824
2024.06.12	14:00:00	1.00888	1.00997	1.00861	1.00931	753
2024.06.12	15:00:00	1.00931	1.00985	1.00908	1.00949	1558
2024.06.12	16:00:00	1.00949	1.01042	1.00928	1.01013	4935
2024.06.12	17:00:00	1.01013	1.01078	1.00974	1.01034	3687
2024.06.12	18:00:00	1.01034	1.01073	1.00964	1.01044	3008
2024.06.12	19:00:00	1.01044	1.01135	1.01025	1.01113	568
2024.06.12	20:00:00	1.01113	1.01153	1.01078	1.01139	696
2024.06.12	21:00:00	1.01139	1.01164	1.01131	1.01140	4586
2024.06.12	22:00:00	1.01140	1.01257	1.01077	1.01227	4097
2024.06.12	23:00:00	1.01227	1.01234	1.01197	1.01231	4775
2024.06.13	00:00:00	1.01231	1.01252	1.01188	1.01209	4136
2024.06.13	01:00:00	1.01209	1.01239	1.01080	1.01155	511
2024.06.13	02:00:00	1.01155	1.01203	1.01151	1.01195	4125
2024.06.13	03:00:00	1.01195	1.01273	1.01192	1.01267	2560
2024.06.13	04:00:00	1.01267	1.01325	1.01260	1.01261	3615
2024.06.13	05:00:00	1.01261	1.01361	1.01199	1.01337	2362
2024.06.13	06:00:00	1.01337	1.01339	1.01215	1.01215	3744
2024.06.13	07:00:00	1.01215	1.01231	1.01182	1.01208	4288
2024.06.13	08:00:00	1.01208	1.01259	1.01179	1.01203	4885
2024.06.13	09:00:00	1.01203	1.01260	1.01123	1.01156	2933
2024.06.13	10:00:00	1.01156	1.01363	1.01134	1.01297	1755
2024.06.13	11:00:00	1.01297	1.01298	1.01274	1.01290	3251
2024.06.13	12:00:00	1.01290	1.01303	1.01255	1.01262	2749
2024.06.13	13:00:00	1.01262	1.01278	1.01238	1.01261	1411
2024.06.13	14:00:00	1.01261	1.01328	1.01077	1.01136	3760
2024.06.13	15:00:00	1.01136	1.01142	1.01081	1.01087	846
2024.06.13	16:00:00	1.01087	1.01157	1.01069	1.01144	2314
2024.06.13	17:00:00	1.01144	1.01171	1.00988	1.01103	3615
2024.06.13	18:00:00	1.01103	1.01111	1.01043	1.01049	4644
2024.06.13	19:00:00	1.01049	1.01213	1.01025	1.01126	3293
2024.06.13	20:00:00	1.01126	1.01266	1.01071	1.01204	4906
2024.06.13	21:00:00	1.01204	1.01314	1.01152	1.01232	4245
2024.06.13	22:00:00	1.01232	1.01276	1.01188	1.01202	1562
2024.06.13	23:00:00	1.01202	1.01259	1.01153	1.01184	4301
2024.06.14	00:00:00	1.01184	1.01222	1.01119	1.01132	2012
2024.06.14	01:00:00	1.01132	1.01140	1.01043	1.01069	3339
2024.06.14	02:00:00	1.01069	1.01094	1.00977	1.01003	1403
2024.06.14	03:00:00	1.01003	1.01035	1.00961	1.00962	2922
2024.06.14	04:00:00	1.00962	1.01026	1.00890	1.00896	3557
2024.06.14	05:00:00	1.00896	1.00899	1.00790	1.00799	4613
2024.06.14	06:00:00	1.00799	1.00827	1.00785	1.00809	4745
2024.06.14	07:00:00	1.00809	1.00831	1.00792	1.00820	4105
2024.06.14	08:00:00	1.00820	1.00946	1.00776	1.00920	3014
2024.06.14	09:00:00	1.00920	1.00983	1.00874	1.00877	4470
2024.06.14	10:00:00	1.00877	1.00897	1.00844	1.00892	977
2024.06.14	11:00:00	1.00892	1.00977	1.00886	1.00907	4981
2024.06.14	12:00:00	1.00907	1.00932	1.00859	1.00889	1417
2024.06.14	13:00:00	1.00889	1.00962	1.00818	1.00931	2315
2024.06.14	14:00:00	1.00931	1.00995	1.00860	1.00975	4584
2024.06.14	15:00:00	1.00975	1.01035	1.00938	1.00992	3726
2024.06.14	16:00:00	1.00992	1.01000	1.00912	1.00973	4324
2024.06.14	17:00:00	1.00973	1.00974	1.00898	1.00949	3596
2024.06.14	18:00:00	1.00949	1.00983	1.00859	1.00863	3204
2024.06.14	19:00:00	1.00863	1.00877	1.00795	1.00811	1283
2024.06.14	20:00:00	1.00811	1.00817	1.00760	1.00770	4982
2024.06.14	21:00:00	1.00770	1.00773	1.00687	1.00699	3364
2024.06.14	22:00:00	1.00699	1.00726	1.00648	1.00723	3506
2024.06.14	23:00:00	1.00723	1.00796	1.00679	1.00792	2426
2024.06.15	00:00:00	1.00792	1.00807	1.00722	1.00734	4784
2024.06.15	01:00:00	1.00734	1.00754	1.00729	1.00748	2527
2024.06.15	02:00:00	1.00748	1.00774	1.00638	1.00683	1356
2024.06.15	03:00:00	1.00683	1.00789	1.00630	1.00662	1310
2024.06.15	04:00:00	1.00662	1.00718	1.00600	1.00617	3642
2024.06.15	05:00:00	1.00617	1.00674	1.00600	1.00650	3851
2024.06.15	06:00:00	1.00650	1.00670	1.00595	1.00606	1426
2024.06.15	07:00:00	1.00606	1.00746	1.00601	1.00664	3640
2024.06.15	08:00:00	1.00664	1.00717	1.00613	1.00646	4989
2024.06.15	09:00:00	1.00646	1.00663	1.00567	1.00604	2895
2024.06.15	10:00:00	1.00604	1.00614	1.00470	1.00525	4867
2024.06.15	11:00:00	1.00525	1.00551	1.00513	1.00538	1205
2024.06.15	12:00:00	1.00538	1.00638	1.00535	1.00589	2313
2024.06.15	13:00:00	1.00589	1.00651	1.00539	1.00602	3005
2024.06.15	14:00:00	1.00602	1.00752	1.00547	1.00734	2111
2024.06.15	15:00:00	1.00734	1.00826	1.00727	1.00818	950
